POINT,ミーゼス応力,最大主応力(σ1),中間主応力(σ2),最小主応力(σ3),トレスカ応力,最大主歪み
1,2.05E+00,1.96E+00,0.00E+00,-5.84E-02,2.28E+00,4.06E-05
2,1.17E+00,1.16E+00,0.00E+00,7.06E-02,1.26E+00,6.93E-07
3,8.77E-01,5.82E-01,0.00E+00,-2.90E-01,9.39E-01,1.72E-05
4,1.74E+00,-4.22E-01,0.00E+00,-1.90E+00,1.90E+00,4.85E-06
5,1.26E+00,1.23E+00,0.00E+00,6.02E-01,1.42E+00,1.19E-06
6,1.75E+00,1.03E-01,0.00E+00,-1.58E+00,1.83E+00,1.51E-05
7,7.32E-01,7.45E-01,0.00E+00,3.55E-02,7.56E-01,-2.56E-06
8,5.91E-01,6.55E-01,0.00E+00,1.62E-01,6.55E-01,1.78E-05
9,6.83E-01,-1.66E-01,0.00E+00,-7.46E-01,7.46E-01,2.31E-07
10,8.76E-01,-4.88E-01,0.00E+00,-1.01E+00,1.01E+00,-1.24E-05
11,7.77E-01,-4.48E-01,0.00E+00,-8.32E-01,8.91E-01,-1.12E-05
12,2.72E-01,1.37E-01,0.00E+00,-1.74E-01,3.11E-01,6.15E-06
13,2.76E-01,1.28E-01,0.00E+00,-1.64E-01,3.11E-01,5.50E-07
14,5.77E-01,5.12E-01,0.00E+00,-6.57E-02,5.91E-01,-6.07E-06
15,3.53E-01,2.12E-01,0.00E+00,-1.84E-01,3.96E-01,4.77E-06
16,2.33E-01,6.76E-03,0.00E+00,-2.00E-01,2.58E-01,1.32E-06
17,3.48E-01,2.00E-01,0.00E+00,-2.00E-01,4.01E-01,4.11E-06
18,2.40E-01,1.90E-01,0.00E+00,-4.22E-02,2.62E-01,3.32E-06
19,1.39E+00,1.19E+00,0.00E+00,-2.12E-01,1.51E+00,1.12E-05
20,1.23E+00,2.75E-01,0.00E+00,-9.31E-01,1.35E+00,7.88E-06
21,1.24E+00,8.84E-01,0.00E+00,-3.81E-01,1.40E+00,1.12E-05
22,3.26E-01,1.83E-01,0.00E+00,-1.75E-01,3.73E-01,3.73E-06
23,4.64E-01,1.52E-01,0.00E+00,-3.60E-01,5.13E-01,5.12E-06
24,1.37E+00,2.63E-01,0.00E+00,-1.11E+00,1.53E+00,9.70E-06
25,2.81E-01,9.27E-02,0.00E+00,-2.12E-01,3.19E-01,3.96E-06
26,1.90E-01,1.27E-01,0.00E+00,-6.40E-02,2.07E-01,2.38E-06
27,2.67E+00,1.22E+00,0.00E+00,-1.26E+00,2.88E+00,3.12E-05
28,5.26E+00,5.27E+00,0.00E+00,7.59E-01,5.86E+00,7.25E-05
29,4.58E+00,5.03E+00,0.00E+00,1.54E+00,5.03E+00,6.31E-05
30,3.09E+00,2.72E+00,0.00E+00,-9.76E-02,3.31E+00,4.44E-05
31,3.18E+00,6.83E-01,0.00E+00,-2.43E+00,3.54E+00,4.39E-05
32,5.00E+00,1.21E+00,0.00E+00,-4.08E+00,5.44E+00,2.22E-05
33,5.64E+00,1.95E+00,0.00E+00,-4.30E+00,6.25E+00,4.68E-05
34,2.72E+00,1.80E+00,0.00E+00,-9.27E-01,3.07E+00,4.97E-05
35,4.13E+00,4.59E+00,0.00E+00,1.36E+00,4.59E+00,1.07E-04
36,3.24E+00,1.23E+00,0.00E+00,-1.99E+00,3.61E+00,-3.17E-06
37,3.42E+00,-7.39E-02,0.00E+00,-3.01E+00,3.90E+00,3.13E-06
38,2.88E+00,2.23E+00,0.00E+00,-7.07E-01,3.30E+00,8.50E-05
39,7.26E-02,-2.54E-02,0.00E+00,-7.92E-02,8.22E-02,1.02E-06
40,1.68E-01,8.85E-02,0.00E+00,-1.04E-01,1.92E-01,1.71E-06
41,2.70E-01,-6.67E-02,0.00E+00,-2.76E-01,3.03E-01,-2.13E-07
42,1.82E-01,1.64E-01,0.00E+00,-1.94E-02,1.98E-01,2.34E-06
43,2.76E-01,2.78E-01,0.00E+00,4.15E-02,3.05E-01,3.60E-06
44,1.55E-01,1.11E-01,0.00E+00,-6.47E-02,1.75E-01,2.00E-06
45,6.50E-01,4.03E-01,0.00E+00,-3.02E-01,7.26E-01,9.16E-06
46,1.69E-01,1.35E-01,0.00E+00,-4.83E-02,1.84E-01,2.03E-06
47,2.02E-01,6.09E-02,0.00E+00,-1.63E-01,2.24E-01,1.15E-06
48,1.03E-01,9.43E-02,0.00E+00,1.94E-03,1.14E-01,1.39E-06
49,2.02E-01,4.71E-02,0.00E+00,-1.54E-01,2.22E-01,-5.79E-07
50,1.93E-01,1.45E-01,0.00E+00,-5.92E-02,2.04E-01,1.45E-06
51,2.41E-01,6.27E-02,0.00E+00,-9.11E-02,2.66E-01,1.63E-06
52,1.70E-01,9.70E-02,0.00E+00,-9.49E-02,1.92E-01,2.36E-06
53,2.23E-01,9.21E-02,0.00E+00,-1.29E-01,2.40E-01,7.82E-07
54,4.07E+00,3.32E+00,0.00E+00,-1.08E+00,4.39E+00,5.84E-05
55,4.10E+00,1.14E+00,0.00E+00,-3.31E+00,4.45E+00,4.09E-05
56,3.60E+00,3.08E+00,0.00E+00,-7.92E-01,3.87E+00,5.87E-05
57,3.65E+00,8.59E-01,0.00E+00,-3.09E+00,3.95E+00,2.51E-05
58,2.74E+00,2.46E+00,0.00E+00,-4.05E-01,2.92E+00,3.47E-05
59,3.37E+00,1.03E+00,0.00E+00,-2.70E+00,3.73E+00,2.51E-05
60,3.52E+00,3.50E+00,0.00E+00,9.00E-03,3.82E+00,5.81E-05
61,3.84E+00,8.45E-01,0.00E+00,-2.64E+00,4.24E+00,3.50E-05
62,7.23E-01,4.63E-01,0.00E+00,-3.57E-01,8.20E-01,1.02E-05
63,1.49E+00,4.41E-01,0.00E+00,-1.22E+00,1.66E+00,1.36E-05
64,6.09E-01,3.92E-01,0.00E+00,-3.00E-01,6.92E-01,7.21E-06
65,9.15E-01,5.16E-01,0.00E+00,-5.01E-01,1.02E+00,9.36E-06
66,8.18E-01,5.77E-01,0.00E+00,-3.34E-01,9.11E-01,8.31E-06
67,1.54E+00,1.48E+00,0.00E+00,-6.23E-02,1.66E+00,2.31E-05
68,8.51E-01,5.97E-01,0.00E+00,-3.58E-01,9.55E-01,9.05E-06
69,1.68E+00,1.73E+00,0.00E+00,1.02E-01,1.76E+00,2.61E-05
70,1.40E+00,7.49E-01,0.00E+00,-7.70E-01,1.52E+00,1.44E-05
71,7.14E-01,3.57E-01,0.00E+00,-4.48E-01,8.05E-01,8.07E-06
72,9.64E-01,3.66E-01,0.00E+00,-6.99E-01,1.09E+00,1.01E-05
73,1.60E+00,2.45E-01,0.00E+00,-1.45E+00,1.73E+00,1.14E-05
74,1.17E+00,6.71E-02,0.00E+00,-1.09E+00,1.26E+00,6.97E-06
75,4.15E-01,2.29E-01,0.00E+00,-2.12E-01,4.43E-01,8.91E-06
76,3.19E-01,3.15E-01,0.00E+00,3.14E-03,3.41E-01,1.01E-05
77,2.70E-01,1.12E-01,0.00E+00,-1.27E-01,3.09E-01,7.15E-06
78,3.69E-01,-2.55E-02,0.00E+00,-3.75E-01,3.96E-01,3.60E-06
79,4.22E-01,1.73E-01,0.00E+00,-2.74E-01,4.60E-01,6.90E-06
80,5.08E-01,2.88E-01,0.00E+00,-2.31E-01,5.54E-01,9.25E-06
81,4.43E-01,1.58E-01,0.00E+00,-2.95E-01,4.98E-01,4.66E-06
82,7.45E-01,3.16E-01,0.00E+00,-4.88E-01,8.11E-01,9.70E-06
83,2.60E-01,2.65E-01,0.00E+00,1.07E-02,2.65E-01,6.73E-06
84,3.03E-01,1.53E-01,0.00E+00,-1.55E-01,3.16E-01,8.26E-06
85,4.04E-01,-6.52E-02,0.00E+00,-4.32E-01,4.32E-01,1.51E-06
86,1.62E-01,6.34E-02,0.00E+00,-6.41E-02,1.80E-01,1.60E-06
87,5.18E-01,4.02E-01,0.00E+00,-1.69E-01,5.71E-01,7.70E-06
88,3.64E-01,2.05E-01,0.00E+00,-2.08E-01,4.13E-01,6.59E-06
89,5.44E-01,3.27E-01,0.00E+00,-2.42E-01,6.02E-01,7.90E-06
90,4.67E-01,2.58E-01,0.00E+00,-2.66E-01,5.24E-01,6.08E-06
91,5.12E+00,9.55E-01,0.00E+00,-2.63E+00,5.57E+00,2.92E-05
92,4.78E+00,2.19E+00,0.00E+00,-2.08E+00,5.24E+00,6.48E-05
93,3.93E+00,4.43E+00,0.00E+00,1.48E+00,4.43E+00,4.67E-05
94,2.71E+00,2.97E+00,0.00E+00,1.60E+00,3.04E+00,3.89E-05
95,1.17E+00,1.19E+00,0.00E+00,2.04E-01,1.26E+00,1.93E-05
96,1.04E+00,9.44E-01,0.00E+00,-6.13E-02,1.16E+00,2.01E-05
97,8.67E-01,5.73E-01,0.00E+00,-3.79E-01,9.62E-01,4.69E-06
98,6.35E-01,3.29E-01,0.00E+00,-3.09E-01,7.00E-01,2.87E-06
99,1.01E+00,9.50E-01,0.00E+00,2.24E-02,1.13E+00,2.03E-05
100,1.37E+00,1.45E+00,0.00E+00,2.99E-01,1.48E+00,2.30E-05
101,2.98E+00,3.12E+00,0.00E+00,1.42E+00,3.26E+00,5.54E-05
102,4.28E+00,3.64E+00,0.00E+00,-4.09E-01,4.77E+00,4.09E-05
103,4.98E+00,2.09E+00,0.00E+00,-2.42E+00,5.50E+00,4.80E-05
104,5.81E+00,5.11E+00,0.00E+00,2.09E+00,6.59E+00,9.76E-05
105,2.99E+00,2.96E+00,0.00E+00,6.70E-01,3.29E+00,2.11E-05
106,3.01E+00,3.17E+00,0.00E+00,7.05E-01,3.34E+00,1.77E-05
107,2.65E+00,2.47E+00,0.00E+00,2.06E-01,2.94E+00,3.79E-05
108,2.45E+00,-7.24E-01,0.00E+00,-2.36E+00,2.82E+00,2.39E-05
109,6.86E-01,3.24E-01,0.00E+00,-4.00E-01,7.43E-01,7.92E-06
110,5.67E-01,3.50E-01,0.00E+00,-2.45E-01,6.20E-01,6.15E-06
111,5.62E-01,3.56E-01,0.00E+00,-2.53E-01,6.33E-01,9.15E-06
112,3.85E-01,2.44E-01,0.00E+00,-1.93E-01,4.37E-01,9.53E-06
113,5.58E-01,3.41E-01,0.00E+00,-2.32E-01,6.36E-01,8.89E-06
114,8.99E-01,5.66E-01,0.00E+00,-4.07E-01,9.73E-01,8.72E-06
115,2.45E+00,-4.25E-01,0.00E+00,-2.22E+00,2.72E+00,-1.46E-06
116,2.82E+00,8.12E-01,0.00E+00,-2.23E+00,3.05E+00,2.66E-05
117,2.92E+00,1.80E+00,0.00E+00,-1.37E+00,3.25E+00,3.62E-05
118,3.34E+00,3.55E+00,0.00E+00,1.14E+00,3.78E+00,2.79E-05
119,8.81E-01,5.54E-01,0.00E+00,-4.14E-01,9.89E-01,1.57E-05
120,2.55E+00,2.88E+00,0.00E+00,1.75E+00,2.88E+00,5.73E-05
121,3.26E+00,-6.06E-01,0.00E+00,-2.84E+00,3.66E+00,3.76E-05
122,2.33E+00,-6.24E-02,0.00E+00,-1.87E+00,2.59E+00,2.30E-05
123,2.25E+00,-4.22E-01,0.00E+00,-2.39E+00,2.44E+00,1.34E-05
124,2.37E+00,-1.00E+00,0.00E+00,-2.62E+00,2.72E+00,-7.20E-06
125,5.37E-01,4.26E-02,0.00E+00,-4.67E-01,5.88E-01,1.64E-06
126,3.40E-01,4.89E-02,0.00E+00,-2.53E-01,3.86E-01,3.47E-06
127,3.32E-01,2.77E-01,0.00E+00,-5.52E-02,3.77E-01,5.95E-06
128,5.27E-01,3.76E-01,0.00E+00,-1.71E-01,5.84E-01,4.76E-06
129,5.61E-01,2.35E-01,0.00E+00,-3.55E-01,5.97E-01,4.67E-06
130,6.81E-01,1.11E-01,0.00E+00,-5.54E-01,7.49E-01,5.82E-06
131,3.06E+00,-9.36E-01,0.00E+00,-3.09E+00,3.44E+00,2.26E-05
132,3.23E+00,2.12E+00,0.00E+00,-1.39E+00,3.60E+00,4.02E-05
133,3.48E+00,4.20E-01,0.00E+00,-2.72E+00,3.81E+00,1.90E-05
134,2.59E+00,-7.43E-01,0.00E+00,-2.55E+00,2.81E+00,3.41E-05
135,7.46E+00,-4.60E+00,0.00E+00,-8.53E+00,8.53E+00,-5.25E-05
136,6.80E+00,-2.52E+00,0.00E+00,-7.54E+00,7.71E+00,-7.16E-06
137,4.62E+00,-5.80E-02,0.00E+00,-4.41E+00,5.04E+00,-9.40E-06
138,3.16E+00,1.37E+00,0.00E+00,-2.06E+00,3.57E+00,6.03E-05
139,1.01E+00,-1.47E-01,0.00E+00,-9.97E-01,1.08E+00,6.21E-06
140,1.29E+00,-5.77E-01,0.00E+00,-1.43E+00,1.47E+00,6.96E-06
141,1.13E+00,-4.12E-02,0.00E+00,-9.35E-01,1.29E+00,1.10E-05
142,1.32E+00,1.21E-02,0.00E+00,-1.12E+00,1.51E+00,1.10E-05
143,1.32E+00,-5.09E-01,0.00E+00,-1.44E+00,1.50E+00,7.00E-06
144,1.05E+00,-9.78E-02,0.00E+00,-1.03E+00,1.14E+00,5.15E-06
145,3.40E+00,1.55E+00,0.00E+00,-2.16E+00,3.75E+00,2.65E-05
146,5.38E+00,5.78E-01,0.00E+00,-4.47E+00,5.99E+00,5.62E-06
147,7.54E+00,-2.72E+00,0.00E+00,-7.78E+00,8.63E+00,1.89E-05
148,6.70E+00,-3.88E+00,0.00E+00,-7.60E+00,7.60E+00,-4.89E-05
149,9.14E-01,5.05E-01,0.00E+00,-4.97E-01,1.04E+00,1.44E-05
150,2.55E+00,-1.75E+00,0.00E+00,-2.87E+00,2.87E+00,-2.01E-05
151,1.22E+00,1.12E+00,0.00E+00,-1.42E-01,1.34E+00,3.79E-05
152,3.43E+00,3.69E+00,0.00E+00,7.20E-01,3.69E+00,5.92E-05
153,1.18E+00,6.72E-01,0.00E+00,-5.22E-01,1.28E+00,2.15E-05
154,1.48E+00,1.25E+00,0.00E+00,-3.74E-01,1.62E+00,4.20E-05
155,2.91E+00,2.86E+00,0.00E+00,-5.29E-02,3.04E+00,4.95E-05
156,1.60E+00,1.36E+00,0.00E+00,-3.78E-01,1.74E+00,4.46E-05
157,1.13E+00,1.09E-01,0.00E+00,-1.07E+00,1.18E+00,1.78E-05
158,2.82E+00,2.04E+00,0.00E+00,7.72E-01,3.05E+00,3.19E-05
159,1.46E+00,-3.29E-03,0.00E+00,-1.44E+00,1.54E+00,1.72E-05
160,1.24E+00,1.37E-01,0.00E+00,-1.13E+00,1.35E+00,1.83E-06
161,3.33E+00,-1.50E-02,0.00E+00,-2.19E+00,3.65E+00,1.00E-05
162,1.01E+00,8.98E-01,0.00E+00,-6.39E-03,1.12E+00,2.86E-05
163,2.58E-01,1.12E-01,0.00E+00,-1.07E-01,2.91E-01,1.72E-06
164,7.76E-01,-3.31E-01,0.00E+00,-6.97E-01,8.57E-01,-1.59E-06
165,3.15E-01,3.36E-01,0.00E+00,1.03E-01,3.50E-01,4.06E-06
166,3.17E-01,3.59E-01,0.00E+00,1.60E-01,3.59E-01,4.45E-06
167,8.58E-01,2.57E-01,0.00E+00,-5.18E-01,9.71E-01,6.74E-06
168,3.28E-01,3.41E-01,0.00E+00,1.33E-01,3.61E-01,4.12E-06
169,3.42E-01,2.60E-01,0.00E+00,-9.12E-02,3.91E-01,4.41E-06
170,3.80E-01,1.57E-01,0.00E+00,-2.75E-01,4.32E-01,3.29E-06
171,2.40E-01,2.58E-02,0.00E+00,-1.95E-01,2.62E-01,4.82E-07
172,9.28E-01,1.01E+00,0.00E+00,7.71E-01,1.01E+00,1.28E-05
173,3.59E-01,-4.42E-02,0.00E+00,-3.67E-01,3.96E-01,1.32E-06
174,3.26E-01,5.69E-02,0.00E+00,-2.66E-01,3.71E-01,2.67E-06
175,1.05E+00,1.19E+00,0.00E+00,7.75E-01,1.19E+00,1.28E-05
176,3.55E-01,1.28E-01,0.00E+00,-2.71E-01,3.99E-01,4.46E-06
177,4.59E-01,1.15E-01,0.00E+00,-2.68E-01,5.20E-01,2.88E-06
178,5.20E-01,4.93E-01,0.00E+00,1.39E-02,5.67E-01,6.98E-06
1485,1.28E+00,1.07E+00,0.00E+00,-3.49E-01,1.41E+00,4.11E-05
1486,1.16E+00,8.98E-03,0.00E+00,-1.15E+00,1.20E+00,1.46E-05
1487,1.34E+00,-1.57E-01,0.00E+00,-1.41E+00,1.41E+00,1.26E-05
1488,1.40E+00,1.16E+00,0.00E+00,-3.85E-01,1.55E+00,3.90E-05
1489,3.12E+00,2.83E+00,0.00E+00,-4.75E-01,3.39E+00,4.85E-05
1490,2.03E+00,1.60E+00,0.00E+00,-5.06E-01,2.23E+00,2.81E-05
1491,1.86E+00,1.10E+00,0.00E+00,-6.74E-01,2.03E+00,2.16E-05
1492,2.42E+00,1.38E+00,0.00E+00,-1.15E+00,2.66E+00,2.59E-05
1493,2.60E+00,1.97E+00,0.00E+00,-8.04E-01,2.77E+00,3.40E-05
1494,2.75E+00,2.77E+00,0.00E+00,1.40E-01,2.88E+00,3.96E-05
1495,2.37E+00,2.44E+00,0.00E+00,2.72E-01,2.57E+00,2.15E-05
1496,1.53E+00,1.63E+00,0.00E+00,3.28E-01,1.68E+00,1.01E-05
1497,1.56E+00,1.38E+00,0.00E+00,-8.46E-02,1.75E+00,1.55E-05
1498,2.42E+00,2.04E+00,0.00E+00,-3.98E-01,2.63E+00,4.73E-05
1499,3.33E+00,2.77E+00,0.00E+00,-7.76E-01,3.57E+00,6.19E-05
1500,2.82E+00,2.62E+00,0.00E+00,-3.10E-01,2.95E+00,4.63E-05
1501,2.54E+00,2.71E+00,0.00E+00,4.69E-01,2.75E+00,4.23E-05
1502,1.89E+00,2.11E+00,0.00E+00,7.09E-01,2.11E+00,2.80E-05
1503,2.15E+00,2.24E+00,0.00E+00,4.48E-01,2.36E+00,2.98E-05
1504,2.75E+00,2.55E+00,0.00E+00,-2.90E-01,2.97E+00,4.80E-05
1505,3.13E+00,-4.68E-02,0.00E+00,-3.13E+00,3.31E+00,1.79E-05
1506,2.06E+00,6.21E-01,0.00E+00,-1.61E+00,2.23E+00,1.82E-05
1507,1.82E+00,9.29E-01,0.00E+00,-1.08E+00,2.01E+00,2.56E-05
1508,2.18E+00,1.50E+00,0.00E+00,-8.95E-01,2.39E+00,3.23E-05
1509,2.08E+00,1.27E+00,0.00E+00,-9.47E-01,2.26E+00,1.91E-05
1510,1.77E+00,1.09E+00,0.00E+00,-1.15E-01,1.97E+00,2.71E-05
1511,1.95E+00,1.22E+00,0.00E+00,2.70E-01,2.19E+00,2.77E-05
1512,1.54E+00,9.01E-01,0.00E+00,3.50E-02,1.73E+00,1.52E-05
1513,1.54E+00,1.21E+00,0.00E+00,4.14E-01,1.75E+00,1.45E-05
1514,1.92E+00,1.23E+00,0.00E+00,2.93E-01,2.16E+00,2.73E-05
1515,1.77E+00,1.11E+00,0.00E+00,-1.20E-01,1.97E+00,2.75E-05
1516,2.13E+00,1.32E+00,0.00E+00,-9.56E-01,2.31E+00,1.99E-05
1517,2.18E+00,1.54E+00,0.00E+00,-8.59E-01,2.40E+00,3.33E-05
1518,1.83E+00,1.07E+00,0.00E+00,-9.31E-01,2.00E+00,2.21E-05
1519,2.05E+00,6.30E-01,0.00E+00,-1.58E+00,2.21E+00,1.80E-05
1520,3.06E+00,1.23E-01,0.00E+00,-2.98E+00,3.16E+00,1.96E-05
1521,1.44E+00,-5.47E-01,0.00E+00,-1.64E+00,1.64E+00,6.47E-08
1522,1.30E+00,-4.02E-01,0.00E+00,-1.45E+00,1.45E+00,-1.54E-06
1523,4.39E-01,4.57E-01,0.00E+00,5.79E-02,4.81E-01,2.66E-05
1524,3.90E-01,4.26E-01,0.00E+00,8.73E-02,4.26E-01,2.77E-05
1525,1.51E+00,-8.66E-01,0.00E+00,-1.62E+00,1.65E+00,6.04E-07
1526,1.07E+00,1.19E+00,0.00E+00,3.19E-01,1.19E+00,5.06E-05
1527,1.52E+00,1.73E+00,0.00E+00,5.75E-01,1.73E+00,5.37E-05
1528,7.84E-01,8.77E-01,0.00E+00,2.55E-01,8.77E-01,3.67E-05
1529,7.39E-01,8.31E-01,0.00E+00,2.50E-01,8.31E-01,2.94E-05
1530,3.88E-01,4.23E-01,0.00E+00,8.97E-02,4.23E-01,1.45E-05
1531,1.58E-01,8.02E-02,0.00E+00,-7.94E-02,1.76E-01,3.41E-06
1532,3.87E-01,-8.91E-02,0.00E+00,-4.22E-01,4.22E-01,-2.88E-07
1533,7.46E-01,-2.53E-01,0.00E+00,-8.38E-01,8.38E-01,-2.01E-06
1534,7.87E-01,-2.57E-01,0.00E+00,-8.81E-01,8.81E-01,-2.70E-06
1535,2.42E-01,1.24E-01,0.00E+00,-9.64E-02,2.58E-01,4.41E-06
1536,2.92E-01,3.20E-01,0.00E+00,6.72E-02,3.20E-01,6.60E-06
1537,7.53E-01,7.93E-01,0.00E+00,1.57E-01,8.03E-01,1.45E-05
1538,6.96E-01,7.08E-01,0.00E+00,2.66E-01,7.87E-01,2.34E-05
1539,8.00E-01,7.64E-01,0.00E+00,2.53E-01,8.64E-01,4.44E-06
1540,6.83E-01,5.41E-01,0.00E+00,-1.80E-01,7.45E-01,6.92E-06
1541,4.10E-01,2.20E-01,0.00E+00,-2.34E-01,4.66E-01,5.74E-06
1542,9.71E-01,1.07E+00,0.00E+00,2.75E-01,1.07E+00,1.15E-05
1543,4.66E-01,4.87E-01,0.00E+00,9.95E-02,5.01E-01,9.09E-06
1544,4.17E-01,3.97E-01,0.00E+00,1.48E-02,4.58E-01,8.28E-06
1545,4.32E-01,2.87E-01,0.00E+00,-1.96E-01,4.92E-01,8.12E-06
1546,4.11E-01,2.31E-01,0.00E+00,-2.41E-01,4.72E-01,6.15E-06
1547,8.37E-01,-1.51E-01,0.00E+00,-8.80E-01,9.10E-01,1.67E-06
1548,4.72E-01,-1.25E-01,0.00E+00,-5.01E-01,5.02E-01,-5.86E-07
1549,3.83E-01,1.90E-02,0.00E+00,-3.40E-01,4.29E-01,1.20E-06
1550,4.55E-01,2.36E-01,0.00E+00,-2.82E-01,5.18E-01,4.16E-06
1551,3.96E-01,1.98E-01,0.00E+00,-2.50E-01,4.48E-01,4.54E-06
1552,1.14E+00,4.67E-02,0.00E+00,-9.37E-01,1.31E+00,1.36E-05
1553,1.22E+00,7.05E-01,0.00E+00,-6.34E-01,1.39E+00,2.17E-05
1554,8.33E-01,2.66E-02,0.00E+00,-7.29E-01,9.39E-01,8.72E-07
1555,5.60E-01,2.43E-01,0.00E+00,-3.93E-01,6.37E-01,7.05E-06
1556,5.21E-01,2.67E-01,0.00E+00,-3.29E-01,5.96E-01,7.80E-06
1557,8.20E-01,8.18E-01,0.00E+00,1.00E-01,8.82E-01,2.31E-05
1558,9.71E-01,6.54E-01,0.00E+00,-1.51E-01,1.08E+00,1.76E-05
1559,1.15E+00,7.81E-01,0.00E+00,-4.24E-01,1.24E+00,1.56E-05
1560,1.01E+00,6.16E-01,0.00E+00,-4.67E-01,1.10E+00,1.54E-05
1561,1.20E+00,1.28E-01,0.00E+00,-9.39E-01,1.37E+00,2.25E-05
1562,1.25E+00,5.99E-01,0.00E+00,-6.78E-01,1.42E+00,1.54E-05
1563,1.15E+00,7.10E-01,0.00E+00,-5.83E-01,1.29E+00,1.51E-05
1564,1.03E+00,5.22E-01,0.00E+00,-5.97E-01,1.13E+00,1.17E-05
1565,3.77E-01,-5.45E-02,0.00E+00,-3.96E-01,4.14E-01,-2.23E-06
1566,3.66E-01,-8.58E-02,0.00E+00,-4.01E-01,4.01E-01,4.47E-06
1567,9.65E-01,1.10E+00,0.00E+00,3.77E-01,1.10E+00,3.16E-05
1568,8.19E-01,9.31E-01,0.00E+00,3.20E-01,9.31E-01,2.28E-05
1569,4.05E-01,4.61E-01,0.00E+00,1.57E-01,4.61E-01,1.07E-05
1570,6.10E-01,-1.63E-02,0.00E+00,-4.80E-01,6.90E-01,2.82E-06
1571,8.42E-01,-3.30E-01,0.00E+00,-9.57E-01,9.57E-01,3.07E-08
1572,7.52E-01,-3.00E-01,0.00E+00,-8.56E-01,8.56E-01,-6.54E-08
1573,2.68E-01,1.60E-01,0.00E+00,-1.48E-01,3.09E-01,3.89E-06
1574,2.28E-01,1.43E-01,0.00E+00,-1.20E-01,2.63E-01,5.38E-06
1575,1.13E+00,1.04E-01,0.00E+00,-8.34E-01,1.29E+00,1.14E-05
1576,1.29E+00,8.59E-01,0.00E+00,-5.72E-01,1.47E+00,2.21E-05
1577,8.14E-01,1.87E-01,0.00E+00,-5.67E-01,9.19E-01,1.18E-08
1578,4.60E-01,2.18E-01,0.00E+00,-2.66E-01,5.08E-01,2.33E-06
1579,3.02E-01,1.31E-01,0.00E+00,-1.95E-01,3.40E-01,3.99E-06
1580,5.96E-01,2.68E-01,0.00E+00,-3.55E-01,6.73E-01,6.38E-06
1581,7.74E-01,3.72E-01,0.00E+00,-4.57E-01,8.61E-01,1.07E-05
1582,6.04E-01,5.54E-01,0.00E+00,-4.88E-02,6.70E-01,1.13E-05
1583,3.83E-01,4.18E-01,0.00E+00,1.02E-01,4.28E-01,8.60E-06
1584,2.18E-01,1.78E-01,0.00E+00,-2.87E-02,2.41E-01,3.80E-06
1585,7.05E-01,5.18E-01,0.00E+00,-2.57E-01,7.89E-01,1.23E-05
1586,7.47E-01,3.57E-01,0.00E+00,-4.91E-01,8.48E-01,6.57E-06
1587,5.26E-01,-5.57E-03,0.00E+00,-5.21E-01,5.65E-01,1.81E-06
1588,3.01E-01,-6.74E-02,0.00E+00,-3.20E-01,3.36E-01,5.39E-08
1589,1.80E-01,1.08E-03,0.00E+00,-1.53E-01,2.00E-01,1.13E-06
1590,6.68E-01,6.88E-01,0.00E+00,1.21E-01,7.19E-01,1.79E-05
1591,7.64E-01,7.47E-01,0.00E+00,2.15E-01,8.65E-01,2.57E-05
1592,8.33E-01,6.95E-01,0.00E+00,1.81E-01,8.93E-01,5.44E-06
1593,5.96E-01,4.04E-01,0.00E+00,-1.47E-01,6.39E-01,8.17E-06
1594,2.03E-01,6.37E-02,0.00E+00,-1.27E-01,2.19E-01,2.84E-06
1595,1.15E+00,1.17E+00,0.00E+00,1.63E-01,1.27E+00,1.88E-05
1596,1.19E+00,1.26E+00,0.00E+00,2.53E-01,1.31E+00,1.84E-05
1597,1.03E+00,8.39E-01,0.00E+00,9.07E-02,1.14E+00,1.87E-05
1598,7.06E-01,6.70E-01,0.00E+00,5.23E-02,7.66E-01,2.49E-05
1599,9.96E-01,5.03E-01,0.00E+00,-5.82E-01,1.10E+00,9.10E-06
1600,1.18E+00,7.72E-01,0.00E+00,-5.33E-01,1.30E+00,1.38E-05
1601,1.22E+00,5.38E-01,0.00E+00,-7.04E-01,1.39E+00,1.57E-05
1602,1.16E+00,1.84E-01,0.00E+00,-8.11E-01,1.33E+00,1.91E-05
1603,1.51E+00,1.62E+00,0.00E+00,8.68E-01,1.65E+00,1.46E-05
1604,3.09E-01,1.49E-01,0.00E+00,-1.78E-01,3.40E-01,4.32E-06
1605,3.02E-01,1.53E-01,0.00E+00,-1.79E-01,3.39E-01,2.69E-06
1606,3.56E-01,2.21E-01,0.00E+00,-1.59E-01,3.99E-01,4.03E-06
1607,3.73E-01,7.32E-02,0.00E+00,-3.01E-01,4.21E-01,4.93E-06
1608,5.42E-01,3.34E-01,0.00E+00,-2.42E-01,6.16E-01,4.84E-06
1609,5.72E-01,1.58E-01,0.00E+00,-4.55E-01,6.26E-01,4.59E-06
1610,6.80E-01,2.35E-01,0.00E+00,-4.85E-01,7.32E-01,5.62E-06
1611,4.30E-01,3.34E-01,0.00E+00,-1.20E-01,4.63E-01,5.11E-06
1612,6.15E+00,6.02E+00,0.00E+00,2.01E-01,6.84E+00,8.67E-05
1613,5.53E+00,4.86E+00,0.00E+00,-7.19E-01,6.20E+00,8.55E-05
1614,4.91E+00,3.50E+00,0.00E+00,-1.54E+00,5.51E+00,6.57E-05
1615,3.54E+00,1.63E+00,0.00E+00,-2.20E+00,3.97E+00,5.31E-05
1616,3.61E+00,3.33E+00,0.00E+00,1.03E+00,4.05E+00,6.37E-05
1617,4.49E+00,5.08E+00,0.00E+00,3.04E+00,5.08E+00,8.11E-05
1618,4.77E+00,5.32E+00,0.00E+00,2.08E+00,5.32E+00,7.18E-05
1619,5.15E+00,5.64E+00,0.00E+00,1.32E+00,5.64E+00,7.33E-05
1620,1.61E+00,8.36E-01,0.00E+00,-8.22E-01,1.74E+00,2.20E-05
1621,2.42E+00,2.32E+00,0.00E+00,-5.34E-02,2.61E+00,3.07E-05
1622,2.30E+00,1.95E-01,0.00E+00,-2.05E+00,2.44E+00,2.29E-05
1623,2.92E+00,4.96E-01,0.00E+00,-2.63E+00,3.12E+00,8.55E-06
1624,2.69E+00,2.25E+00,0.00E+00,-5.64E-01,2.89E+00,3.76E-05
1625,1.19E+00,5.30E-01,0.00E+00,-5.25E-01,1.38E+00,1.01E-05
1626,5.62E+00,1.18E+00,0.00E+00,-4.72E+00,6.19E+00,2.10E-05
1627,5.40E+00,-6.11E-01,0.00E+00,-5.25E+00,5.94E+00,1.64E-05
1628,5.05E+00,-2.16E+00,0.00E+00,-5.35E+00,5.52E+00,9.73E-06
1629,4.48E+00,-1.36E+00,0.00E+00,-4.40E+00,4.91E+00,3.16E-05
1630,4.91E+00,1.91E+00,0.00E+00,-3.36E+00,5.29E+00,8.59E-05
1631,5.19E+00,2.28E+00,0.00E+00,-3.48E+00,5.76E+00,9.99E-05
1632,6.15E+00,2.03E+00,0.00E+00,-4.81E+00,6.84E+00,6.96E-05
1633,6.62E+00,2.29E+00,0.00E+00,-5.10E+00,7.40E+00,7.33E-05
1634,8.34E-01,7.78E-02,0.00E+00,-7.06E-01,9.42E-01,4.97E-06
1635,9.49E-01,-1.12E-01,0.00E+00,-9.19E-01,1.05E+00,1.06E-07
1636,1.31E+00,-3.09E-01,0.00E+00,-1.25E+00,1.49E+00,4.74E-07
1637,1.33E+00,-1.15E-01,0.00E+00,-1.05E+00,1.52E+00,6.12E-06
1638,1.26E+00,-1.23E-01,0.00E+00,-1.13E+00,1.42E+00,4.14E-06
1639,5.72E-02,1.57E-02,0.00E+00,-4.75E-02,6.32E-02,4.85E-07
1640,3.99E-02,9.33E-03,0.00E+00,-3.17E-02,4.49E-02,3.74E-07
1641,2.25E-01,1.13E-01,0.00E+00,-1.44E-01,2.57E-01,2.21E-06
1642,1.94E-01,8.43E-02,0.00E+00,-1.38E-01,2.22E-01,1.92E-06
1643,2.26E-01,1.92E-01,0.00E+00,-4.90E-02,2.45E-01,2.91E-06
1644,2.30E-01,1.78E-01,0.00E+00,-7.49E-02,2.56E-01,2.81E-06
1645,2.28E-01,1.37E-01,0.00E+00,-1.19E-01,2.56E-01,2.17E-06
1646,2.40E-01,8.80E-02,0.00E+00,-1.68E-01,2.63E-01,1.25E-06
1647,2.55E-01,5.04E-02,0.00E+00,-1.96E-01,2.80E-01,7.73E-07
1648,2.90E-01,4.61E-02,0.00E+00,-2.21E-01,3.23E-01,8.42E-07
1649,4.18E-01,4.03E-01,0.00E+00,7.35E-02,4.72E-01,5.21E-06
1650,4.40E-01,4.29E-01,0.00E+00,6.47E-02,4.93E-01,5.52E-06
1651,3.98E-01,2.31E-01,0.00E+00,-1.69E-01,4.47E-01,2.36E-06
1652,3.50E-01,1.97E-01,0.00E+00,-2.03E-01,4.00E-01,1.26E-06
1653,1.65E-01,7.49E-02,0.00E+00,-1.01E-01,1.78E-01,5.47E-07
1654,1.42E-01,1.15E-01,0.00E+00,-2.34E-02,1.55E-01,1.61E-06
1655,7.92E-02,-4.16E-03,0.00E+00,-7.66E-02,8.72E-02,9.23E-07
1656,1.08E-01,2.22E-02,0.00E+00,-9.22E-02,1.18E-01,1.24E-06
1657,1.41E-01,5.18E-02,0.00E+00,-1.06E-01,1.58E-01,1.58E-06
1658,1.65E-01,7.92E-02,0.00E+00,-1.09E-01,1.88E-01,1.79E-06
1659,1.65E-01,8.43E-02,0.00E+00,-1.05E-01,1.89E-01,1.75E-06
1660,2.39E-01,1.55E-01,0.00E+00,-1.15E-01,2.70E-01,2.15E-06
1661,1.81E-01,-1.27E-01,0.00E+00,-2.06E-01,2.06E-01,-8.46E-07
1662,4.83E-01,2.72E-01,0.00E+00,-2.32E-01,5.40E-01,4.39E-06
1663,1.37E-01,1.00E-01,0.00E+00,-5.23E-02,1.53E-01,1.57E-06
1664,1.82E-01,1.24E-01,0.00E+00,-8.33E-02,2.07E-01,2.10E-06
1665,1.83E-01,9.47E-02,0.00E+00,-1.12E-01,2.07E-01,1.93E-06
1666,4.84E-01,4.95E-01,0.00E+00,9.39E-02,5.39E-01,5.39E-06
1667,4.43E-01,4.47E-01,0.00E+00,1.15E-01,4.93E-01,5.19E-06
1668,4.04E-01,2.66E-01,0.00E+00,-1.85E-01,4.52E-01,5.36E-06
1669,1.97E-01,1.24E-01,0.00E+00,-8.33E-02,2.11E-01,2.31E-06
1670,1.44E-01,1.07E-01,0.00E+00,-4.70E-02,1.55E-01,1.54E-06
1671,1.93E-01,1.56E-01,0.00E+00,-5.09E-02,2.11E-01,2.20E-06
1672,1.99E-01,1.55E-01,0.00E+00,-6.39E-02,2.22E-01,2.35E-06
1673,2.25E-01,1.36E-01,0.00E+00,-1.18E-01,2.53E-01,2.15E-06
1674,2.39E-01,8.71E-02,0.00E+00,-1.67E-01,2.61E-01,1.24E-06
1675,2.55E-01,4.96E-02,0.00E+00,-1.97E-01,2.79E-01,7.60E-07
1676,2.84E-01,2.48E-02,0.00E+00,-2.32E-01,3.18E-01,5.95E-07
1677,2.50E-01,1.21E-01,0.00E+00,-1.61E-01,2.82E-01,2.81E-06
1678,1.16E-01,8.25E-02,0.00E+00,-4.98E-02,1.32E-01,1.38E-06
1679,1.01E-01,6.34E-02,0.00E+00,-4.95E-02,1.13E-01,9.88E-07
1680,1.21E-01,4.18E-02,0.00E+00,-9.41E-02,1.36E-01,1.32E-06
1681,1.08E-01,2.27E-02,0.00E+00,-9.22E-02,1.18E-01,1.25E-06
1682,7.91E-02,-4.36E-03,0.00E+00,-7.65E-02,8.72E-02,9.20E-07
1683,9.62E-01,2.61E-01,0.00E+00,-7.79E-01,1.05E+00,5.07E-06
1684,1.32E-01,8.67E-02,0.00E+00,-6.21E-02,1.49E-01,1.75E-06
1685,3.19E-01,1.59E-01,0.00E+00,-2.02E-01,3.61E-01,2.01E-06
1686,1.75E-01,5.45E-02,0.00E+00,-1.40E-01,1.94E-01,1.18E-06
1687,1.43E-01,3.82E-02,0.00E+00,-1.19E-01,1.57E-01,9.13E-07
1688,1.32E-01,3.70E-02,0.00E+00,-1.05E-01,1.42E-01,1.16E-06
1689,1.33E-01,9.84E-02,0.00E+00,-4.13E-02,1.43E-01,1.70E-06
1690,1.21E-01,1.15E-01,0.00E+00,-3.74E-03,1.32E-01,1.64E-06
1691,3.44E-01,2.22E-01,0.00E+00,-1.50E-01,3.72E-01,2.76E-06
1692,5.61E-01,3.33E-01,0.00E+00,-3.04E-01,6.38E-01,6.30E-06
1693,6.93E-01,4.18E-01,0.00E+00,-3.66E-01,7.84E-01,6.21E-06
1694,5.09E-01,3.04E-01,0.00E+00,-2.69E-01,5.73E-01,2.95E-06
1695,2.10E-01,1.47E-01,0.00E+00,-6.77E-02,2.24E-01,1.31E-06
1696,1.89E-01,1.71E-01,0.00E+00,1.14E-02,2.07E-01,2.16E-06
1697,2.02E-01,2.97E-02,0.00E+00,-1.15E-01,2.28E-01,7.97E-07
1698,2.07E-01,4.14E-02,0.00E+00,-1.34E-01,2.28E-01,8.75E-07
1699,2.28E-01,-9.50E-03,0.00E+00,-2.22E-01,2.52E-01,-2.01E-07
1700,2.17E-01,7.31E-02,0.00E+00,-1.55E-01,2.38E-01,9.91E-07
1701,2.16E-01,1.42E-01,0.00E+00,-8.88E-02,2.31E-01,1.97E-06
1702,2.37E-01,2.07E-01,0.00E+00,-1.42E-02,2.58E-01,2.42E-06
1703,4.41E-01,2.50E-01,0.00E+00,-2.08E-01,4.85E-01,6.21E-06
1704,1.72E-01,1.88E-01,0.00E+00,1.28E-01,1.88E-01,1.73E-06
1705,1.57E-01,6.21E-02,0.00E+00,-1.12E-01,1.74E-01,1.25E-06
1706,1.68E-01,1.22E-01,0.00E+00,-6.68E-02,1.89E-01,2.52E-06
1707,1.64E-01,1.21E-01,0.00E+00,-6.41E-02,1.85E-01,2.39E-06
1708,1.50E-01,1.23E-01,0.00E+00,-4.27E-02,1.66E-01,2.15E-06
1709,1.33E-01,1.19E-01,0.00E+00,-2.10E-02,1.43E-01,1.82E-06
1710,1.22E-01,1.15E-01,0.00E+00,-3.08E-03,1.32E-01,1.64E-06
1711,2.31E-01,1.31E-01,0.00E+00,-1.21E-01,2.62E-01,2.98E-06
1712,2.62E-01,1.65E-01,0.00E+00,-8.08E-02,2.86E-01,1.67E-06
1713,2.59E-01,1.44E-01,0.00E+00,-1.29E-01,2.77E-01,1.82E-06
1714,2.32E-01,1.36E-01,0.00E+00,-1.28E-01,2.64E-01,1.78E-06
1715,2.15E-01,1.18E-01,0.00E+00,-1.17E-01,2.35E-01,1.67E-06
1716,2.08E-01,8.64E-02,0.00E+00,-1.01E-01,2.25E-01,1.56E-06
1717,2.29E-01,2.72E-02,0.00E+00,-1.54E-01,2.52E-01,5.87E-07
1718,3.76E-01,2.21E-01,0.00E+00,-1.62E-01,4.08E-01,2.88E-06
1719,5.20E-01,3.10E-01,0.00E+00,-2.69E-01,5.78E-01,5.71E-06
1720,6.50E-01,3.75E-01,0.00E+00,-3.60E-01,7.35E-01,4.70E-06
1721,4.67E-01,2.88E-01,0.00E+00,-2.23E-01,5.15E-01,2.73E-06
1722,2.10E-01,1.36E-01,0.00E+00,-5.58E-02,2.27E-01,1.30E-06
1723,2.34E-01,1.76E-01,0.00E+00,1.66E-04,2.57E-01,1.43E-06
1724,1.52E-01,3.70E-02,0.00E+00,-1.29E-01,1.66E-01,1.25E-06
1725,6.14E-01,6.94E-01,0.00E+00,4.48E-01,6.94E-01,7.39E-06
1726,2.57E-01,2.85E-01,0.00E+00,2.01E-01,2.85E-01,2.15E-06
1727,8.83E-02,8.69E-02,0.00E+00,1.27E-02,1.01E-01,1.19E-06
1728,6.88E-02,6.99E-03,0.00E+00,-4.80E-02,7.50E-02,3.99E-07
1729,1.00E-01,-7.96E-02,0.00E+00,-1.11E-01,1.11E-01,-4.56E-07
1730,3.03E-01,-2.59E-01,0.00E+00,-3.28E-01,3.28E-01,-1.47E-06
1731,5.51E-01,-4.78E-01,0.00E+00,-6.00E-01,6.00E-01,-3.78E-06
1732,2.89E-01,-1.71E-01,0.00E+00,-3.30E-01,3.30E-01,-1.63E-06
1733,2.09E-01,-1.62E-01,0.00E+00,-2.35E-01,2.35E-01,-1.30E-06
1734,9.30E-02,-6.21E-02,0.00E+00,-1.07E-01,1.07E-01,-3.59E-07
1735,6.09E-02,7.42E-03,0.00E+00,-4.50E-02,6.71E-02,2.08E-07
1736,7.04E-02,7.31E-02,0.00E+00,1.22E-02,7.85E-02,8.90E-07
1737,1.65E-01,1.88E-01,0.00E+00,1.08E-01,1.88E-01,2.05E-06
1738,2.57E-01,2.94E-01,0.00E+00,1.82E-01,2.94E-01,3.26E-06
1739,3.56E-01,-1.69E-01,0.00E+00,-4.09E-01,4.09E-01,-3.30E-07
1740,1.91E-01,-1.28E-01,0.00E+00,-2.15E-01,2.15E-01,-6.32E-07
1741,7.84E-02,-6.93E-02,0.00E+00,-8.43E-02,8.43E-02,-2.89E-07
1742,5.44E-02,6.79E-03,0.00E+00,-3.63E-02,5.88E-02,2.59E-07
1743,7.52E-02,7.92E-02,0.00E+00,2.58E-02,8.37E-02,1.00E-06
1744,1.51E-01,1.70E-01,0.00E+00,8.56E-02,1.70E-01,1.62E-06
1745,2.46E-01,2.79E-01,0.00E+00,9.33E-02,2.79E-01,4.13E-06
1746,2.26E-01,-9.29E-02,0.00E+00,-2.58E-01,2.58E-01,1.60E-08
1747,1.72E-01,-9.82E-02,0.00E+00,-1.97E-01,1.97E-01,-3.28E-07
1748,1.06E-01,-6.11E-02,0.00E+00,-1.22E-01,1.22E-01,-7.69E-08
1749,8.19E-02,2.63E-02,0.00E+00,-5.00E-02,8.90E-02,7.51E-07
1750,1.01E-01,1.10E-01,0.00E+00,3.63E-02,1.11E-01,1.35E-06
1751,1.35E-01,1.50E-01,0.00E+00,6.48E-02,1.50E-01,1.92E-06
1752,1.21E-01,1.29E-01,0.00E+00,1.84E-02,1.29E-01,2.56E-06
1753,2.81E+00,2.07E+00,0.00E+00,-7.31E-01,3.07E+00,6.15E-05
1754,1.33E+00,7.56E-01,0.00E+00,-7.28E-01,1.48E+00,2.17E-05
1755,2.79E+00,7.45E-01,0.00E+00,-2.03E+00,3.06E+00,4.13E-06
1756,2.10E+00,2.03E+00,0.00E+00,3.40E-02,2.25E+00,3.22E-05
1757,1.03E+00,6.79E-01,0.00E+00,-3.48E-01,1.11E+00,1.95E-05
1758,4.59E-01,9.48E-02,0.00E+00,-3.82E-01,5.03E-01,1.11E-05
1759,4.36E-01,3.00E-01,0.00E+00,-1.87E-01,4.86E-01,6.70E-06
1760,1.04E+00,3.10E-01,0.00E+00,-7.47E-01,1.12E+00,2.99E-06
1761,2.09E+00,-3.91E-02,0.00E+00,-2.02E+00,2.25E+00,-1.32E-06
1762,1.83E+00,6.06E-01,0.00E+00,-7.26E-01,2.05E+00,-1.24E-06
1763,9.40E-01,6.97E-01,0.00E+00,-1.35E-01,1.05E+00,7.73E-06
1764,1.02E+00,7.77E-01,0.00E+00,-5.93E-01,1.12E+00,9.59E-06
1765,1.95E+00,1.75E+00,0.00E+00,-8.12E-01,2.17E+00,2.62E-05
1766,2.43E+00,3.56E-01,0.00E+00,-9.75E-01,2.73E+00,1.74E-05
1767,1.02E+00,4.90E-01,0.00E+00,-3.08E-01,1.15E+00,1.45E-05
1768,2.60E+00,2.53E+00,0.00E+00,-3.88E-01,2.89E+00,-2.64E-06
1769,3.94E+00,1.58E+00,0.00E+00,-2.87E+00,4.44E+00,3.33E-05
1770,3.77E+00,1.75E+00,0.00E+00,-2.57E+00,4.32E+00,3.83E-05
1771,2.81E+00,1.30E+00,0.00E+00,-1.88E+00,3.21E+00,3.45E-05
1772,2.40E+00,1.04E+00,0.00E+00,-1.65E+00,2.73E+00,3.24E-05
1773,2.12E+00,8.68E-01,0.00E+00,-1.51E+00,2.40E+00,2.91E-05
1774,2.00E+00,7.80E-01,0.00E+00,-1.48E+00,2.26E+00,2.50E-05
1775,1.92E+00,6.74E-01,0.00E+00,-1.49E+00,2.16E+00,2.08E-05
1776,1.85E+00,1.77E+00,0.00E+00,1.07E-03,2.05E+00,2.80E-05
1777,1.81E+00,1.73E+00,0.00E+00,1.12E-01,2.06E+00,2.75E-05
1778,1.87E+00,1.84E+00,0.00E+00,3.89E-01,2.13E+00,2.82E-05
1779,2.10E+00,2.06E+00,0.00E+00,5.35E-01,2.40E+00,2.90E-05
1780,2.44E+00,2.38E+00,0.00E+00,7.50E-01,2.78E+00,2.97E-05
1781,3.01E+00,2.95E+00,0.00E+00,8.86E-01,3.40E+00,3.62E-05
1782,3.46E+00,3.48E+00,0.00E+00,9.93E-01,3.86E+00,4.12E-05
1783,1.09E+00,1.32E-01,0.00E+00,-1.00E+00,1.17E+00,6.71E-06
1784,7.89E-01,-8.20E-02,0.00E+00,-8.10E-01,8.43E-01,2.80E-06
1785,8.66E-01,-2.16E-01,0.00E+00,-9.14E-01,9.54E-01,4.64E-06
1786,8.85E-01,1.10E-01,0.00E+00,-7.10E-01,1.02E+00,4.31E-06
1787,6.82E-01,4.21E-01,0.00E+00,-3.43E-01,7.65E-01,8.26E-06
1788,6.78E-01,3.86E-01,0.00E+00,-3.52E-01,7.40E-01,6.17E-06
1789,7.00E-01,3.79E-01,0.00E+00,-3.55E-01,7.53E-01,6.39E-06
1790,9.46E-01,5.97E-01,0.00E+00,-4.22E-01,1.04E+00,6.15E-06
1791,1.15E+00,8.38E-01,0.00E+00,-4.28E-01,1.27E+00,1.27E-05
1792,1.06E+00,9.51E-01,0.00E+00,-8.12E-02,1.17E+00,1.76E-05
1793,1.23E+00,1.23E+00,0.00E+00,4.19E-02,1.28E+00,1.66E-05
1794,1.03E+00,1.03E+00,0.00E+00,2.33E-02,1.08E+00,1.30E-05
1795,9.03E-01,8.44E-01,0.00E+00,-1.78E-02,9.94E-01,1.28E-05
1796,8.38E-01,6.83E-01,0.00E+00,-1.16E-01,9.61E-01,9.81E-06
1797,3.33E+00,3.70E+00,0.00E+00,1.70E+00,3.70E+00,4.20E-05
1798,3.18E+00,3.59E+00,0.00E+00,1.81E+00,3.59E+00,4.31E-05
1799,2.42E+00,2.71E+00,0.00E+00,1.30E+00,2.75E+00,3.37E-05
1800,2.12E+00,2.39E+00,0.00E+00,1.08E+00,2.43E+00,3.38E-05
1801,1.92E+00,2.14E+00,0.00E+00,8.08E-01,2.19E+00,3.27E-05
1802,1.91E+00,2.09E+00,0.00E+00,5.39E-01,2.13E+00,3.17E-05
1803,1.95E+00,2.10E+00,0.00E+00,3.47E-01,2.10E+00,3.13E-05
1804,1.93E+00,2.98E-01,0.00E+00,-1.72E+00,2.11E+00,1.41E-05
1805,2.04E+00,3.48E-01,0.00E+00,-1.79E+00,2.27E+00,1.64E-05
1806,2.21E+00,4.37E-01,0.00E+00,-1.86E+00,2.50E+00,1.96E-05
1807,2.50E+00,5.17E-01,0.00E+00,-2.06E+00,2.84E+00,2.08E-05
1808,2.89E+00,6.79E-01,0.00E+00,-2.32E+00,3.30E+00,2.18E-05
1809,3.33E+00,7.30E-01,0.00E+00,-2.67E+00,3.82E+00,1.91E-05
1810,3.70E+00,8.06E-01,0.00E+00,-3.03E+00,4.16E+00,1.73E-05
1811,1.06E+00,9.43E-01,0.00E+00,-8.00E-02,1.16E+00,1.82E-05
1812,1.13E+00,9.16E-01,0.00E+00,-3.26E-01,1.25E+00,1.35E-05
1813,9.87E-01,6.90E-01,0.00E+00,-3.96E-01,1.09E+00,6.93E-06
1814,1.40E+00,1.37E+00,0.00E+00,-2.14E-02,1.47E+00,1.95E-05
1815,1.22E+00,1.15E+00,0.00E+00,-9.13E-02,1.29E+00,1.61E-05
1816,1.04E+00,9.49E-01,0.00E+00,-6.00E-02,1.16E+00,1.49E-05
1817,9.73E-01,7.62E-01,0.00E+00,-1.70E-01,1.12E+00,1.13E-05
1818,1.15E+00,5.72E-01,0.00E+00,-7.25E-01,1.30E+00,1.11E-05
1819,1.23E+00,6.49E-01,0.00E+00,-7.19E-01,1.37E+00,1.40E-05
1820,1.30E+00,7.05E-01,0.00E+00,-7.40E-01,1.45E+00,1.44E-05
1821,1.17E+00,2.35E-01,0.00E+00,-1.01E+00,1.26E+00,1.03E-05
1822,1.13E+00,2.88E-01,0.00E+00,-9.24E-01,1.23E+00,6.90E-06
1823,1.03E+00,-5.95E-02,0.00E+00,-1.04E+00,1.11E+00,7.84E-06
1824,9.65E-01,-1.74E-02,0.00E+00,-9.46E-01,1.04E+00,4.26E-06
1825,1.25E+00,1.42E-01,0.00E+00,-1.15E+00,1.35E+00,7.56E-06
1826,2.42E-01,2.41E-01,0.00E+00,-7.86E-05,2.44E-01,9.31E-06
1827,3.19E-01,1.56E-02,0.00E+00,-3.08E-01,3.39E-01,5.20E-06
1828,6.68E-01,3.71E-01,0.00E+00,-3.85E-01,7.56E-01,7.66E-06
1829,6.20E-01,3.05E-01,0.00E+00,-3.65E-01,7.02E-01,4.89E-06
1830,4.36E-01,2.65E-01,0.00E+00,-2.33E-01,4.98E-01,5.47E-06
1831,4.44E-01,2.25E-01,0.00E+00,-2.71E-01,4.96E-01,3.97E-06
1832,7.01E-01,3.74E-01,0.00E+00,-3.58E-01,7.45E-01,3.46E-06
1833,4.09E-01,3.41E-01,0.00E+00,-9.18E-02,4.52E-01,4.89E-06
1834,4.43E-01,3.77E-01,0.00E+00,-1.02E-01,4.84E-01,6.28E-06
1835,6.21E-01,5.55E-01,0.00E+00,-1.06E-01,6.71E-01,8.49E-06
1836,7.68E-01,7.14E-01,0.00E+00,-6.22E-02,8.31E-01,1.04E-05
1837,6.19E-01,3.22E-01,0.00E+00,-3.35E-01,6.85E-01,6.54E-06
1838,4.29E-01,2.17E-01,0.00E+00,-2.38E-01,4.63E-01,4.98E-06
1839,2.30E-01,1.47E-01,0.00E+00,-6.90E-02,2.53E-01,2.75E-06
1840,6.54E-01,3.12E-01,0.00E+00,-3.84E-01,7.10E-01,7.07E-06
1841,6.65E-01,1.76E-01,0.00E+00,-5.55E-01,7.35E-01,5.10E-06
1842,7.27E-01,1.13E-01,0.00E+00,-6.12E-01,7.84E-01,4.51E-06
1843,9.14E-01,1.16E-01,0.00E+00,-7.92E-01,1.00E+00,4.87E-06
1844,6.63E-01,6.15E-01,0.00E+00,-7.48E-02,7.13E-01,1.76E-05
1845,8.00E-01,4.83E-01,0.00E+00,-3.29E-01,8.55E-01,1.30E-05
1846,5.04E-01,2.14E-01,0.00E+00,-2.99E-01,5.48E-01,2.28E-06
1847,5.54E-01,4.17E-02,0.00E+00,-4.78E-01,6.04E-01,-3.76E-06
1848,6.31E-01,-1.13E-02,0.00E+00,-6.31E-01,6.67E-01,-2.92E-06
1849,5.48E-01,3.95E-01,0.00E+00,-1.43E-01,5.98E-01,9.77E-06
1850,2.52E-01,-6.87E-02,0.00E+00,-2.79E-01,2.79E-01,8.43E-07
1851,1.70E-01,1.84E-01,0.00E+00,3.85E-02,1.84E-01,2.49E-06
1852,4.42E-01,3.37E-01,0.00E+00,-1.59E-01,4.96E-01,3.78E-06
1853,4.84E-01,4.21E-01,0.00E+00,-1.01E-01,5.22E-01,6.49E-06
1854,6.35E-01,6.08E-01,0.00E+00,-4.55E-02,6.59E-01,9.53E-06
1855,6.79E-01,3.78E-01,0.00E+00,-3.82E-01,7.60E-01,7.51E-06
1856,6.74E-01,3.83E-01,0.00E+00,-3.86E-01,7.69E-01,7.81E-06
1857,6.75E-01,3.82E-01,0.00E+00,-3.91E-01,7.73E-01,6.46E-06
1858,5.40E-01,2.69E-01,0.00E+00,-3.34E-01,6.03E-01,6.04E-06
1859,6.34E-01,1.44E-01,0.00E+00,-5.46E-01,6.90E-01,4.63E-06
1860,8.12E-01,3.96E-02,0.00E+00,-7.86E-01,8.53E-01,5.30E-06
1861,2.46E-01,1.29E-01,0.00E+00,-1.30E-01,2.61E-01,2.46E-06
1862,2.14E-01,1.15E-01,0.00E+00,-1.16E-01,2.32E-01,2.01E-06
1863,1.58E-01,7.95E-02,0.00E+00,-8.06E-02,1.72E-01,1.19E-06
1864,1.41E-01,6.63E-02,0.00E+00,-6.94E-02,1.45E-01,1.30E-06
1865,4.68E-01,3.71E-01,0.00E+00,-1.53E-01,5.24E-01,9.70E-06
1866,4.93E-01,2.63E-01,0.00E+00,-2.57E-01,5.49E-01,3.30E-06
1867,5.94E+00,-1.57E+00,0.00E+00,-6.26E+00,6.52E+00,-1.80E-05
1868,5.32E+00,2.21E-02,0.00E+00,-4.96E+00,5.85E+00,2.66E-05
1869,4.73E+00,3.46E+00,0.00E+00,-1.24E+00,5.09E+00,4.62E-05
1870,4.19E+00,3.68E+00,0.00E+00,7.48E-02,4.69E+00,4.98E-05
1871,6.38E+00,3.96E+00,0.00E+00,-7.05E-01,7.09E+00,6.56E-05
1872,6.52E+00,3.58E+00,0.00E+00,-5.21E-01,7.23E+00,7.36E-05
1873,3.61E+00,4.06E+00,0.00E+00,1.31E+00,4.06E+00,4.19E-05
1874,3.10E+00,3.52E+00,0.00E+00,1.47E+00,3.52E+00,4.24E-05
1875,2.68E+00,2.85E+00,0.00E+00,1.48E+00,2.99E+00,3.52E-05
1876,2.53E+00,2.75E+00,0.00E+00,1.21E+00,2.87E+00,3.09E-05
1877,2.24E+00,2.49E+00,0.00E+00,9.84E-01,2.55E+00,2.86E-05
1878,1.96E+00,2.20E+00,0.00E+00,8.06E-01,2.22E+00,2.55E-05
1879,1.71E+00,1.93E+00,0.00E+00,6.36E-01,1.93E+00,2.32E-05
1880,1.59E+00,1.76E+00,0.00E+00,4.54E-01,1.76E+00,2.21E-05
1881,1.43E+00,1.53E+00,0.00E+00,2.40E-01,1.54E+00,2.16E-05
1882,1.24E+00,1.26E+00,0.00E+00,7.79E-02,1.31E+00,1.89E-05
1883,1.44E+00,1.38E+00,0.00E+00,-6.76E-02,1.51E+00,2.33E-05
1884,1.59E+00,1.54E+00,0.00E+00,-4.42E-03,1.70E+00,2.46E-05
1885,1.71E+00,1.68E+00,0.00E+00,8.79E-02,1.90E+00,2.50E-05
1886,1.82E+00,1.76E+00,0.00E+00,1.79E-01,2.05E+00,2.55E-05
1887,2.04E+00,1.99E+00,0.00E+00,3.00E-01,2.32E+00,2.76E-05
1888,2.28E+00,2.24E+00,0.00E+00,5.03E-01,2.58E+00,3.07E-05
1889,2.51E+00,2.53E+00,0.00E+00,8.42E-01,2.82E+00,3.49E-05
1890,2.70E+00,2.79E+00,0.00E+00,1.29E+00,2.94E+00,4.47E-05
1891,3.46E+00,3.62E+00,0.00E+00,1.12E+00,3.88E+00,6.20E-05
1892,3.70E+00,3.27E+00,0.00E+00,6.26E-02,4.15E+00,5.77E-05
1893,3.74E+00,4.22E+00,0.00E+00,2.53E+00,4.22E+00,8.02E-05
1894,2.76E+00,-3.16E-01,0.00E+00,-2.24E+00,3.13E+00,3.07E-05
1895,2.87E+00,7.97E-01,0.00E+00,-1.60E+00,3.15E+00,3.61E-05
1896,7.63E-01,3.38E-01,0.00E+00,-4.26E-01,8.12E-01,9.38E-06
1897,9.15E-01,4.80E-01,0.00E+00,-3.65E-01,9.78E-01,1.29E-05
1898,1.14E+00,5.57E-01,0.00E+00,-4.64E-01,1.22E+00,1.52E-05
1899,1.41E+00,6.52E-01,0.00E+00,-6.23E-01,1.52E+00,1.81E-05
1900,1.74E+00,7.10E-01,0.00E+00,-8.71E-01,1.90E+00,2.18E-05
1901,2.08E+00,6.81E-01,0.00E+00,-1.21E+00,2.33E+00,2.57E-05
1902,2.36E+00,5.26E-01,0.00E+00,-1.55E+00,2.68E+00,2.96E-05
1903,2.45E+00,-2.50E-01,0.00E+00,-2.10E+00,2.82E+00,2.40E-05
1904,4.78E-01,3.32E-01,0.00E+00,-1.63E-01,5.20E-01,1.05E-05
1905,2.15E+00,-1.08E-01,0.00E+00,-1.80E+00,2.37E+00,1.85E-06
1906,1.97E+00,1.33E-01,0.00E+00,-1.63E+00,2.19E+00,5.43E-06
1907,1.83E+00,2.56E-01,0.00E+00,-1.49E+00,2.02E+00,7.55E-06
1908,1.61E+00,2.89E-01,0.00E+00,-1.31E+00,1.76E+00,8.39E-06
1909,1.39E+00,3.10E-01,0.00E+00,-1.10E+00,1.51E+00,8.39E-06
1910,1.18E+00,3.26E-01,0.00E+00,-8.94E-01,1.28E+00,7.77E-06
1911,1.02E+00,3.92E-01,0.00E+00,-6.81E-01,1.10E+00,7.82E-06
1912,8.78E-01,3.80E-01,0.00E+00,-5.57E-01,9.40E-01,7.63E-06
1913,2.73E+00,-4.05E-01,0.00E+00,-2.84E+00,2.94E+00,5.21E-06
1914,2.73E+00,-4.65E-01,0.00E+00,-2.64E+00,3.05E+00,6.71E-07
1915,1.57E+00,1.48E+00,0.00E+00,8.09E-02,1.72E+00,9.36E-06
1916,1.62E+00,1.48E+00,0.00E+00,-2.52E-02,1.80E+00,1.34E-05
1917,3.95E+00,2.98E+00,0.00E+00,2.06E-01,4.34E+00,7.47E-05
1918,8.29E+00,-4.94E+00,0.00E+00,-9.50E+00,9.50E+00,-4.92E-05
1919,6.80E+00,-2.84E+00,0.00E+00,-7.53E+00,7.53E+00,-2.16E-05
1920,4.41E+00,1.38E-01,0.00E+00,-3.78E+00,4.94E+00,4.82E-06
1921,4.45E+00,8.93E-02,0.00E+00,-3.84E+00,4.99E+00,3.41E-06
1922,7.21E+00,-3.32E+00,0.00E+00,-8.12E+00,8.12E+00,-9.67E-06
1923,8.48E+00,-4.78E+00,0.00E+00,-9.68E+00,9.68E+00,-3.42E-05
1924,3.04E+00,-1.16E+00,0.00E+00,-3.40E+00,3.40E+00,-4.93E-06
1925,2.73E+00,-1.30E+00,0.00E+00,-3.10E+00,3.10E+00,-9.14E-06
1926,2.48E+00,-6.29E-01,0.00E+00,-2.55E+00,2.85E+00,-5.28E-06
1927,2.47E+00,-4.45E-01,0.00E+00,-2.46E+00,2.83E+00,-2.27E-06
1928,2.14E+00,-4.80E-01,0.00E+00,-2.19E+00,2.43E+00,-1.88E-06
1929,1.77E+00,-5.51E-01,0.00E+00,-1.89E+00,1.98E+00,-2.51E-06
1930,1.42E+00,-5.59E-01,0.00E+00,-1.56E+00,1.57E+00,-3.12E-06
1931,1.12E+00,-4.95E-01,0.00E+00,-1.25E+00,1.25E+00,-3.14E-06
1932,8.51E-01,-3.49E-01,0.00E+00,-9.45E-01,9.49E-01,-2.64E-06
1933,6.06E-01,-1.61E-01,0.00E+00,-6.35E-01,6.78E-01,-8.07E-07
1934,4.51E-01,3.27E-01,0.00E+00,-8.42E-02,4.91E-01,5.83E-06
1935,8.39E-01,2.34E-02,0.00E+00,-7.03E-01,9.36E-01,7.07E-06
1936,1.05E+00,9.11E-03,0.00E+00,-8.74E-01,1.18E+00,9.84E-06
1937,1.23E+00,-4.55E-02,0.00E+00,-1.03E+00,1.39E+00,1.04E-05
1938,1.46E+00,-6.85E-02,0.00E+00,-1.22E+00,1.65E+00,1.22E-05
1939,1.72E+00,-9.53E-02,0.00E+00,-1.46E+00,1.93E+00,1.49E-05
1940,1.99E+00,-1.71E-01,0.00E+00,-1.78E+00,2.24E+00,1.86E-05
1941,2.19E+00,-3.35E-01,0.00E+00,-2.09E+00,2.47E+00,2.31E-05
1942,2.66E+00,-7.76E-01,0.00E+00,-2.73E+00,2.99E+00,2.13E-05
1943,3.31E+00,-7.14E-01,0.00E+00,-3.11E+00,3.74E+00,2.80E-05
1944,2.94E+00,1.35E-01,0.00E+00,-2.19E+00,3.25E+00,2.94E-05
1945,1.54E+00,-2.95E-03,0.00E+00,-1.34E+00,1.67E+00,2.51E-05
1946,1.56E+00,2.59E-01,0.00E+00,-1.12E+00,1.68E+00,2.75E-05
1947,3.49E+00,1.65E+00,0.00E+00,-2.17E+00,3.95E+00,6.18E-05
1948,4.23E+00,1.03E+00,0.00E+00,-3.38E+00,4.78E+00,4.04E-05
1949,1.12E+00,1.68E-01,0.00E+00,-1.01E+00,1.21E+00,1.07E-05
1950,1.35E+00,2.07E-01,0.00E+00,-1.20E+00,1.50E+00,1.04E-05
1951,1.65E+00,2.76E-01,0.00E+00,-1.44E+00,1.86E+00,1.12E-05
1952,1.93E+00,3.72E-01,0.00E+00,-1.64E+00,2.17E+00,1.36E-05
1953,2.27E+00,4.98E-01,0.00E+00,-1.89E+00,2.57E+00,1.74E-05
1954,2.63E+00,6.74E-01,0.00E+00,-2.12E+00,2.99E+00,2.43E-05
1955,2.97E+00,9.25E-01,0.00E+00,-2.26E+00,3.39E+00,3.49E-05
1956,3.14E+00,1.21E+00,0.00E+00,-2.20E+00,3.60E+00,5.11E-05
1957,3.16E+00,1.39E+00,0.00E+00,-2.15E+00,3.54E+00,2.38E-05
1958,2.95E+00,1.29E+00,0.00E+00,-2.04E+00,3.33E+00,1.69E-05
1959,2.64E+00,1.16E+00,0.00E+00,-1.83E+00,2.99E+00,1.36E-05
1960,2.31E+00,9.94E-01,0.00E+00,-1.62E+00,2.62E+00,1.13E-05
1961,2.01E+00,8.15E-01,0.00E+00,-1.46E+00,2.27E+00,1.00E-05
1962,1.82E+00,6.38E-01,0.00E+00,-1.40E+00,2.04E+00,9.87E-06
1963,1.56E+00,4.75E-01,0.00E+00,-1.25E+00,1.73E+00,9.56E-06
1964,1.34E+00,3.21E-01,0.00E+00,-1.13E+00,1.45E+00,9.38E-06
1965,4.51E+00,2.48E+00,0.00E+00,-2.59E+00,5.07E+00,3.27E-05
1966,3.83E+00,2.02E+00,0.00E+00,-2.25E+00,4.28E+00,2.60E-05
1967,3.79E+00,-2.48E+00,0.00E+00,-4.30E+00,4.30E+00,-7.27E-06
1968,3.74E+00,-2.53E+00,0.00E+00,-4.22E+00,4.22E+00,-1.08E-05
1969,2.04E+00,2.33E+00,0.00E+00,1.36E+00,2.33E+00,2.97E-05
1970,1.17E+00,1.31E+00,0.00E+00,9.30E-01,1.31E+00,1.01E-05
1971,4.39E-01,4.08E-01,0.00E+00,2.04E-01,4.93E-01,4.07E-06
1972,3.51E-01,-2.34E-01,0.00E+00,-3.75E-01,3.81E-01,4.23E-09
1973,1.09E+00,-8.58E-01,0.00E+00,-1.22E+00,1.22E+00,-5.77E-06
1974,2.35E+00,-1.44E+00,0.00E+00,-2.70E+00,2.70E+00,-7.76E-06
1975,1.91E+00,1.58E+00,0.00E+00,-5.29E-01,2.11E+00,2.07E-05
1976,2.08E+00,1.40E+00,0.00E+00,-9.36E-01,2.34E+00,2.34E-05
1977,2.53E+00,1.34E+00,0.00E+00,-1.55E+00,2.89E+00,2.53E-05
1978,2.22E+00,1.09E+00,0.00E+00,-1.42E+00,2.51E+00,2.01E-05
1979,1.64E+00,1.02E+00,0.00E+00,-7.55E-01,1.83E+00,1.58E-05
1980,1.85E+00,1.73E+00,0.00E+00,6.29E-02,1.97E+00,2.83E-05
1981,2.92E+00,3.07E+00,0.00E+00,3.40E-01,3.07E+00,4.75E-05
1982,3.29E+00,3.49E+00,0.00E+00,4.80E-01,3.49E+00,5.55E-05
1983,3.21E+00,3.47E+00,0.00E+00,6.78E-01,3.47E+00,5.58E-05
1984,2.76E+00,2.91E+00,0.00E+00,3.25E-01,2.91E+00,4.59E-05
1985,1.79E+00,1.91E+00,0.00E+00,3.48E-01,1.91E+00,2.90E-05
1986,1.54E+00,1.42E+00,0.00E+00,9.49E-02,1.72E+00,1.29E-05
1987,2.19E+00,2.02E+00,0.00E+00,1.25E-01,2.51E+00,2.47E-05
1988,2.32E+00,2.29E+00,0.00E+00,3.88E-01,2.66E+00,3.00E-05
1989,2.23E+00,1.97E+00,0.00E+00,-2.44E-01,2.53E+00,2.90E-05
1990,1.75E+00,1.26E+00,0.00E+00,-5.64E-01,1.98E+00,1.99E-05
1991,3.12E+00,3.17E+00,0.00E+00,1.44E-01,3.29E+00,4.97E-05
1992,3.15E+00,3.26E+00,0.00E+00,2.76E-01,3.34E+00,5.09E-05
1993,2.71E+00,2.65E+00,0.00E+00,-6.80E-02,2.83E+00,4.69E-05
1994,2.46E+00,2.18E+00,0.00E+00,-4.46E-01,2.63E+00,3.53E-05
1995,2.12E+00,1.81E+00,0.00E+00,-3.97E-01,2.32E+00,2.40E-05
1996,2.21E+00,1.81E+00,0.00E+00,-5.84E-01,2.46E+00,2.96E-05
1997,2.78E+00,2.24E+00,0.00E+00,-8.44E-01,3.09E+00,3.61E-05
1998,2.86E+00,2.41E+00,0.00E+00,-7.28E-01,3.14E+00,3.62E-05
1999,2.81E+00,2.30E+00,0.00E+00,-8.14E-01,3.11E+00,3.57E-05
2000,2.78E+00,2.23E+00,0.00E+00,-8.56E-01,3.09E+00,3.66E-05
2001,2.21E+00,1.81E+00,0.00E+00,-5.70E-01,2.46E+00,2.94E-05
2002,2.17E+00,1.87E+00,0.00E+00,-3.73E-01,2.39E+00,2.44E-05
2003,2.35E+00,1.93E+00,0.00E+00,-6.32E-01,2.56E+00,3.53E-05
2004,2.72E+00,2.63E+00,0.00E+00,-1.11E-01,2.84E+00,4.70E-05
2005,3.14E+00,3.24E+00,0.00E+00,2.89E-01,3.35E+00,5.03E-05
2006,3.11E+00,3.23E+00,0.00E+00,3.43E-01,3.35E+00,5.00E-05
2007,2.79E+00,4.67E-01,0.00E+00,-2.50E+00,2.97E+00,2.30E-05
2008,2.68E+00,7.40E-01,0.00E+00,-2.22E+00,2.96E+00,1.97E-05
2009,2.30E+00,7.15E-01,0.00E+00,-1.84E+00,2.56E+00,1.04E-05
2010,1.98E+00,1.01E+00,0.00E+00,-1.22E+00,2.23E+00,6.15E-06
2011,1.82E+00,1.06E+00,0.00E+00,-9.06E-01,2.06E+00,1.35E-05
2012,2.38E+00,6.78E-01,0.00E+00,-1.37E+00,2.54E+00,1.82E-05
2013,3.02E+00,4.69E-01,0.00E+00,-1.86E+00,3.23E+00,2.06E-05
2014,3.13E+00,2.97E-01,0.00E+00,-2.21E+00,3.36E+00,2.12E-05
2015,2.88E+00,3.17E+00,0.00E+00,2.44E+00,3.17E+00,3.62E-05
2016,2.82E+00,3.10E+00,0.00E+00,2.39E+00,3.10E+00,3.82E-05
2017,1.90E+00,2.10E+00,0.00E+00,1.31E+00,2.10E+00,2.87E-05
2018,1.26E+00,7.49E-01,0.00E+00,-4.20E-01,1.39E+00,1.59E-05
2019,2.04E+00,3.50E-02,0.00E+00,-1.83E+00,2.27E+00,1.23E-05
2020,2.79E+00,-7.00E-01,0.00E+00,-3.01E+00,3.11E+00,1.00E-05
2021,2.50E+00,-2.78E-01,0.00E+00,-2.60E+00,2.69E+00,5.83E-06
2022,2.40E+00,3.72E-01,0.00E+00,-2.06E+00,2.49E+00,7.80E-06
2023,3.29E+00,-5.51E-01,0.00E+00,-3.52E+00,3.52E+00,1.03E-05
2024,2.95E+00,-3.72E-01,0.00E+00,-3.11E+00,3.11E+00,9.51E-06
2025,1.86E+00,-8.61E-02,0.00E+00,-1.77E+00,1.98E+00,9.02E-06
2026,1.58E+00,6.96E-01,0.00E+00,-9.90E-01,1.74E+00,1.91E-05
2027,2.18E+00,1.32E+00,0.00E+00,-1.14E+00,2.46E+00,3.01E-05
2028,2.53E+00,1.56E+00,0.00E+00,-1.34E+00,2.90E+00,3.15E-05
2029,2.07E+00,9.40E-01,0.00E+00,-1.39E+00,2.33E+00,2.21E-05
2030,1.90E+00,5.27E-01,0.00E+00,-1.57E+00,2.10E+00,1.61E-05
2031,1.39E+00,3.22E-01,0.00E+00,-9.09E-01,1.51E+00,6.21E-06
2032,2.09E+00,-8.87E-01,0.00E+00,-2.35E+00,2.35E+00,-1.75E-06
2033,2.71E+00,-1.30E+00,0.00E+00,-3.05E+00,3.05E+00,-9.84E-06
2034,2.58E+00,-7.02E-01,0.00E+00,-2.59E+00,2.90E+00,-4.92E-06
2035,1.27E+00,5.68E-01,0.00E+00,-6.22E-01,1.40E+00,6.32E-06
2036,1.49E+00,7.30E-01,0.00E+00,-2.30E-01,1.62E+00,7.97E-06
2037,2.49E+00,1.21E+00,0.00E+00,-3.68E-02,2.72E+00,1.66E-05
2038,3.09E+00,1.43E+00,0.00E+00,-1.14E-01,3.37E+00,2.25E-05
2039,2.71E-01,3.08E-01,0.00E+00,1.41E-01,3.08E-01,4.51E-06
2040,2.49E-01,2.79E-01,0.00E+00,1.09E-01,2.79E-01,5.57E-06
2041,3.29E-01,3.38E-01,0.00E+00,6.34E-02,3.64E-01,7.11E-06
2042,4.72E-01,4.06E-01,0.00E+00,-8.09E-02,5.16E-01,7.95E-06
2043,6.49E-01,5.30E-01,0.00E+00,-1.80E-01,7.10E-01,9.57E-06
2044,6.99E-01,6.01E-01,0.00E+00,-1.55E-01,7.56E-01,1.06E-05
2045,7.52E-01,6.25E-01,0.00E+00,-2.02E-01,8.27E-01,1.05E-05
2046,8.39E-01,-2.83E-01,0.00E+00,-7.56E-01,9.42E-01,5.57E-07
2047,7.76E-01,-4.04E-01,0.00E+00,-7.58E-01,8.65E-01,-1.46E-06
2048,6.51E-01,-2.73E-01,0.00E+00,-6.30E-01,7.32E-01,-4.50E-07
2049,4.10E-01,3.60E-03,0.00E+00,-3.55E-01,4.60E-01,1.79E-06
2050,3.65E-01,2.52E-01,0.00E+00,-1.55E-01,4.07E-01,4.38E-06
2051,3.65E-01,3.19E-01,0.00E+00,-5.54E-02,4.03E-01,4.68E-06
2052,3.66E-01,3.48E-01,0.00E+00,4.61E-02,3.94E-01,4.56E-06
2053,2.57E-01,1.81E-01,0.00E+00,-4.08E-02,2.94E-01,2.38E-06
2054,2.62E-01,2.18E-01,0.00E+00,4.30E-03,2.99E-01,2.61E-06
2055,2.61E-01,2.63E-01,0.00E+00,3.86E-02,2.90E-01,3.23E-06
2056,3.01E-01,2.34E-01,0.00E+00,-3.15E-02,3.29E-01,3.56E-06
2057,4.99E-01,1.59E-01,0.00E+00,-2.51E-01,5.42E-01,3.24E-06
2058,6.68E-01,1.14E-01,0.00E+00,-3.74E-01,7.23E-01,3.16E-06
2059,7.56E-01,9.37E-02,0.00E+00,-4.30E-01,8.15E-01,3.22E-06
2060,8.12E-01,-6.80E-01,0.00E+00,-8.99E-01,8.99E-01,-5.90E-06
2061,6.96E-01,-5.60E-01,0.00E+00,-7.76E-01,7.76E-01,-4.73E-06
2062,4.60E-01,-3.14E-01,0.00E+00,-5.17E-01,5.17E-01,-2.38E-06
2063,2.91E-01,1.42E-02,0.00E+00,-2.51E-01,3.26E-01,1.45E-06
2064,3.29E-01,2.44E-01,0.00E+00,-1.01E-01,3.66E-01,4.06E-06
2065,4.02E-01,3.77E-01,0.00E+00,-1.34E-02,4.50E-01,5.64E-06
2066,4.07E-01,4.06E-01,0.00E+00,3.82E-02,4.51E-01,5.91E-06
2067,2.64E-01,2.85E-01,0.00E+00,7.67E-02,2.95E-01,4.84E-06
2068,2.38E-01,2.21E-01,0.00E+00,-2.43E-02,2.57E-01,5.33E-06
2069,2.40E-01,1.95E-01,0.00E+00,-6.88E-02,2.64E-01,5.25E-06
2070,2.47E-01,1.63E-01,0.00E+00,-1.17E-01,2.80E-01,4.48E-06
2071,2.93E-01,1.66E-01,0.00E+00,-1.55E-01,3.28E-01,4.16E-06
2072,3.05E-01,1.53E-01,0.00E+00,-1.72E-01,3.46E-01,3.95E-06
2073,3.35E-01,1.44E-01,0.00E+00,-2.23E-01,3.83E-01,3.36E-06
2074,2.94E-01,1.18E-01,0.00E+00,-2.05E-01,3.33E-01,3.31E-06
2075,3.04E-01,1.53E-01,0.00E+00,-1.70E-01,3.45E-01,3.97E-06
2076,2.94E-01,1.68E-01,0.00E+00,-1.55E-01,3.29E-01,4.20E-06
2077,2.50E-01,1.67E-01,0.00E+00,-1.16E-01,2.83E-01,4.54E-06
2078,2.44E-01,2.01E-01,0.00E+00,-6.66E-02,2.68E-01,5.33E-06
2079,2.41E-01,2.29E-01,0.00E+00,-1.53E-02,2.59E-01,5.40E-06
2080,2.76E-01,3.00E-01,0.00E+00,8.01E-02,3.07E-01,5.23E-06
2081,2.60E-01,2.79E-01,0.00E+00,7.49E-02,2.88E-01,2.92E-06
2082,2.08E-01,2.12E-01,0.00E+00,3.06E-02,2.28E-01,2.16E-06
2083,1.57E-01,1.27E-01,0.00E+00,-3.41E-02,1.73E-01,1.46E-06
2084,1.59E-01,1.06E-01,0.00E+00,-6.86E-02,1.80E-01,1.34E-06
2085,2.57E-01,1.99E-01,0.00E+00,-8.51E-02,2.92E-01,3.27E-06
2086,3.16E-01,2.50E-01,0.00E+00,-9.41E-02,3.58E-01,4.30E-06
2087,3.42E-01,2.56E-01,0.00E+00,-1.19E-01,3.91E-01,4.60E-06
2088,3.40E-01,2.55E-01,0.00E+00,-1.18E-01,3.89E-01,4.55E-06
2089,3.16E-01,2.51E-01,0.00E+00,-9.38E-02,3.58E-01,4.29E-06
2090,2.58E-01,2.00E-01,0.00E+00,-8.49E-02,2.92E-01,3.29E-06
2091,1.62E-01,1.15E-01,0.00E+00,-6.70E-02,1.82E-01,1.59E-06
2092,1.71E-01,9.45E-02,0.00E+00,-8.66E-02,1.86E-01,1.24E-06
2093,2.11E-01,1.09E-01,0.00E+00,-1.05E-01,2.27E-01,1.37E-06
2094,2.42E-01,1.38E-01,0.00E+00,-1.02E-01,2.65E-01,1.84E-06
2095,9.27E-01,9.90E-01,0.00E+00,8.28E-01,9.90E-01,1.17E-05
2096,7.99E-01,8.69E-01,0.00E+00,6.76E-01,8.69E-01,1.07E-05
2097,5.60E-01,6.24E-01,0.00E+00,3.80E-01,6.24E-01,8.37E-06
2098,3.64E-01,2.93E-01,0.00E+00,-1.55E-02,4.10E-01,4.94E-06
2099,3.21E-01,9.25E-02,0.00E+00,-2.17E-01,3.55E-01,1.34E-06
2100,3.30E-01,6.60E-02,0.00E+00,-2.86E-01,3.63E-01,8.86E-07
2101,3.36E-01,6.97E-02,0.00E+00,-2.92E-01,3.62E-01,9.22E-07
2102,9.30E-01,9.92E-01,0.00E+00,8.34E-01,9.92E-01,1.17E-05
2103,8.02E-01,8.71E-01,0.00E+00,6.80E-01,8.71E-01,1.08E-05
2104,5.59E-01,6.22E-01,0.00E+00,3.77E-01,6.22E-01,8.41E-06
2105,3.81E-01,3.52E-01,0.00E+00,-5.50E-03,4.28E-01,6.39E-06
2106,3.86E-01,1.67E-01,0.00E+00,-2.48E-01,4.15E-01,4.00E-06
2107,4.37E-01,4.22E-02,0.00E+00,-4.03E-01,4.77E-01,2.68E-06
2108,4.34E-01,-1.23E-02,0.00E+00,-4.29E-01,4.74E-01,1.81E-06
2109,9.81E-01,1.09E+00,0.00E+00,7.61E-01,1.09E+00,1.17E-05
2110,8.87E-01,9.69E-01,0.00E+00,7.20E-01,9.69E-01,1.04E-05
2111,6.92E-01,7.56E-01,0.00E+00,4.99E-01,7.61E-01,8.06E-06
2112,4.33E-01,4.18E-01,0.00E+00,7.82E-02,4.74E-01,5.67E-06
2113,3.52E-01,1.65E-01,0.00E+00,-2.25E-01,3.90E-01,4.61E-06
2114,3.47E-01,1.05E-01,0.00E+00,-2.79E-01,3.84E-01,4.61E-06
2115,3.48E-01,1.01E-01,0.00E+00,-2.83E-01,3.83E-01,4.18E-06
2116,3.58E-01,9.74E-02,0.00E+00,-2.93E-01,3.90E-01,4.22E-06
2117,3.48E-01,9.96E-02,0.00E+00,-2.85E-01,3.85E-01,4.54E-06
2118,3.56E-01,1.67E-01,0.00E+00,-2.27E-01,3.94E-01,4.75E-06
2119,4.35E-01,4.20E-01,0.00E+00,8.02E-02,4.73E-01,5.73E-06
2120,6.88E-01,7.52E-01,0.00E+00,5.05E-01,7.53E-01,7.99E-06
2121,8.88E-01,9.70E-01,0.00E+00,7.27E-01,9.70E-01,1.03E-05
2122,9.80E-01,1.08E+00,0.00E+00,7.78E-01,1.08E+00,1.14E-05
2123,4.67E-01,2.89E-01,0.00E+00,-4.35E-02,5.25E-01,4.53E-06
2124,4.26E-01,2.55E-01,0.00E+00,-4.15E-02,4.76E-01,4.02E-06
2125,3.39E-01,1.94E-01,0.00E+00,-3.50E-02,3.74E-01,2.96E-06
2126,2.00E-01,1.66E-01,0.00E+00,1.99E-02,2.21E-01,2.90E-06
2127,1.56E-01,9.49E-02,0.00E+00,-5.29E-02,1.73E-01,1.76E-06
2128,2.44E-01,2.04E-02,0.00E+00,-2.22E-01,2.66E-01,1.21E-06
2129,3.33E-01,-1.50E-02,0.00E+00,-3.30E-01,3.64E-01,1.14E-06
2130,4.23E-01,5.02E-02,0.00E+00,-3.86E-01,4.64E-01,2.15E-06
2131,3.96E-01,2.98E-02,0.00E+00,-3.72E-01,4.28E-01,1.76E-06
2132,3.37E-01,1.64E-02,0.00E+00,-3.23E-01,3.59E-01,1.65E-06
2133,2.34E-01,-1.69E-02,0.00E+00,-2.37E-01,2.49E-01,8.15E-07
2134,1.79E-01,-1.76E-02,0.00E+00,-1.83E-01,1.95E-01,7.67E-07
2135,1.86E-01,-1.17E-02,0.00E+00,-1.83E-01,2.07E-01,8.33E-07
2136,2.22E-01,-2.60E-02,0.00E+00,-2.16E-01,2.47E-01,7.89E-07
2137,4.61E-01,4.80E-01,0.00E+00,1.17E-01,5.14E-01,6.16E-06
2138,4.31E-01,4.60E-01,0.00E+00,1.88E-01,4.90E-01,5.53E-06
2139,3.63E-01,3.87E-01,0.00E+00,1.68E-01,4.13E-01,4.55E-06
2140,2.36E-01,2.49E-01,0.00E+00,9.10E-02,2.68E-01,2.82E-06
2141,2.10E-01,1.43E-01,0.00E+00,-8.01E-02,2.38E-01,2.86E-06
2142,2.64E-01,1.14E-01,0.00E+00,-1.78E-01,2.93E-01,3.45E-06
2143,3.24E-01,1.08E-01,0.00E+00,-2.49E-01,3.58E-01,3.81E-06
2144,2.83E-01,-1.69E-02,0.00E+00,-2.54E-01,3.19E-01,6.67E-07
2145,2.46E-01,1.25E-02,0.00E+00,-2.19E-01,2.69E-01,1.03E-06
2146,2.51E-01,4.67E-02,0.00E+00,-2.10E-01,2.75E-01,1.73E-06
2147,2.80E-01,6.77E-02,0.00E+00,-2.28E-01,3.03E-01,2.61E-06
2148,3.41E-01,1.17E-01,0.00E+00,-2.54E-01,3.71E-01,3.74E-06
2149,3.76E-01,1.42E-01,0.00E+00,-2.70E-01,4.12E-01,3.91E-06
2150,4.40E-01,2.70E-01,0.00E+00,-2.04E-01,4.84E-01,4.97E-06
2151,1.88E+00,1.87E+00,0.00E+00,6.38E-02,2.01E+00,2.78E-05
2152,3.18E+00,2.68E+00,0.00E+00,-8.21E-01,3.50E+00,4.68E-05
2153,9.96E-01,2.79E-01,0.00E+00,-6.17E-01,1.08E+00,1.22E-05
2154,3.48E+00,1.47E+00,0.00E+00,-1.34E+00,3.74E+00,4.05E-05
2155,3.73E+00,-1.42E+00,0.00E+00,-3.88E+00,4.09E+00,3.59E-06
2156,1.43E+00,1.60E+00,0.00E+00,5.51E-01,1.60E+00,2.60E-05
2157,4.86E+00,-6.64E-01,0.00E+00,-4.93E+00,5.42E+00,3.08E-05
2158,1.62E+00,1.86E+00,0.00E+00,8.98E-01,1.86E+00,2.55E-05
2159,2.66E+00,2.67E+00,0.00E+00,1.28E-01,2.86E+00,4.83E-05
2160,2.89E+00,2.92E+00,0.00E+00,1.20E-01,3.07E+00,4.75E-05
2161,0.00E+00,0.00E+00,0.00E+00,0.00E+00,0.00E+00,0.00E+00
2162,0.00E+00,0.00E+00,0.00E+00,0.00E+00,0.00E+00,0.00E+00
2163,0.00E+00,0.00E+00,0.00E+00,0.00E+00,0.00E+00,0.00E+00
2164,0.00E+00,0.00E+00,0.00E+00,0.00E+00,0.00E+00,0.00E+00
2165,0.00E+00,0.00E+00,0.00E+00,0.00E+00,0.00E+00,0.00E+00
2166,0.00E+00,0.00E+00,0.00E+00,0.00E+00,0.00E+00,0.00E+00
2167,0.00E+00,0.00E+00,0.00E+00,0.00E+00,0.00E+00,0.00E+00
2168,0.00E+00,0.00E+00,0.00E+00,0.00E+00,0.00E+00,0.00E+00
2169,0.00E+00,0.00E+00,0.00E+00,0.00E+00,0.00E+00,0.00E+00
2170,0.00E+00,0.00E+00,0.00E+00,0.00E+00,0.00E+00,0.00E+00
2171,0.00E+00,0.00E+00,0.00E+00,0.00E+00,0.00E+00,0.00E+00
2172,0.00E+00,0.00E+00,0.00E+00,0.00E+00,0.00E+00,0.00E+00
2173,0.00E+00,0.00E+00,0.00E+00,0.00E+00,0.00E+00,0.00E+00
2174,0.00E+00,0.00E+00,0.00E+00,0.00E+00,0.00E+00,0.00E+00
2175,2.74E+00,3.00E+00,0.00E+00,7.33E-01,3.05E+00,3.00E-05
2176,3.87E+00,4.38E+00,0.00E+00,2.70E+00,4.38E+00,3.19E-05
2177,4.80E+00,5.43E+00,0.00E+00,3.15E+00,5.47E+00,4.58E-05
2178,1.46E+00,9.46E-01,0.00E+00,-6.67E-01,1.61E+00,1.08E-05
2179,5.45E+00,6.24E+00,0.00E+00,3.61E+00,6.24E+00,5.50E-05
2180,1.43E+00,4.24E-01,0.00E+00,-1.16E+00,1.58E+00,1.11E-05
2181,1.39E+00,3.62E-01,0.00E+00,-1.16E+00,1.53E+00,7.95E-06
2182,2.48E+00,1.46E+00,0.00E+00,-1.32E+00,2.78E+00,2.09E-05
2183,3.58E+00,2.62E+00,0.00E+00,-1.31E+00,3.93E+00,4.18E-05
2184,5.00E-01,4.93E-01,0.00E+00,7.92E-02,5.51E-01,6.82E-06
2185,3.29E-01,3.05E-01,0.00E+00,5.87E-02,3.70E-01,3.95E-06
2186,2.68E-01,2.64E-01,0.00E+00,6.70E-02,3.03E-01,2.99E-06
2187,2.31E-01,2.20E-01,0.00E+00,-1.20E-03,2.56E-01,2.85E-06
2188,1.75E-01,1.23E-01,0.00E+00,-5.99E-02,1.96E-01,1.89E-06
2189,1.81E-01,8.18E-02,0.00E+00,-1.09E-01,2.04E-01,1.91E-06
2190,5.38E-01,-5.63E-02,0.00E+00,-5.34E-01,5.88E-01,1.85E-06
2191,3.21E-01,-5.37E-02,0.00E+00,-3.01E-01,3.56E-01,8.98E-07
2192,2.25E-01,-2.05E-02,0.00E+00,-2.15E-01,2.54E-01,9.36E-08
2193,2.25E-01,5.02E-02,0.00E+00,-1.89E-01,2.50E-01,1.33E-06
2194,1.52E-01,7.95E-02,0.00E+00,-8.12E-02,1.71E-01,1.02E-06
2195,0.00E+00,0.00E+00,0.00E+00,0.00E+00,0.00E+00,0.00E+00
2196,0.00E+00,0.00E+00,0.00E+00,0.00E+00,0.00E+00,0.00E+00
2197,0.00E+00,0.00E+00,0.00E+00,0.00E+00,0.00E+00,0.00E+00
2198,0.00E+00,0.00E+00,0.00E+00,0.00E+00,0.00E+00,0.00E+00
2199,0.00E+00,0.00E+00,0.00E+00,0.00E+00,0.00E+00,0.00E+00
2200,0.00E+00,0.00E+00,0.00E+00,0.00E+00,0.00E+00,0.00E+00
2201,0.00E+00,0.00E+00,0.00E+00,0.00E+00,0.00E+00,0.00E+00
2202,0.00E+00,0.00E+00,0.00E+00,0.00E+00,0.00E+00,0.00E+00
2203,0.00E+00,0.00E+00,0.00E+00,0.00E+00,0.00E+00,0.00E+00
2204,0.00E+00,0.00E+00,0.00E+00,0.00E+00,0.00E+00,0.00E+00
2205,0.00E+00,0.00E+00,0.00E+00,0.00E+00,0.00E+00,0.00E+00
2206,5.55E-01,3.11E-01,0.00E+00,-3.27E-01,6.38E-01,6.37E-06
2207,7.86E-01,4.81E-01,0.00E+00,-4.14E-01,8.95E-01,8.96E-06
2208,6.66E-01,5.01E-01,0.00E+00,-2.24E-01,7.40E-01,7.90E-06
2209,4.26E-01,3.69E-01,0.00E+00,-3.85E-02,4.71E-01,5.37E-06
2210,2.06E-01,1.70E-01,0.00E+00,-9.59E-03,2.28E-01,2.42E-06
2211,2.03E-01,3.20E-03,0.00E+00,-1.71E-01,2.23E-01,1.16E-06
2212,7.13E-01,4.29E-01,0.00E+00,-3.90E-01,8.19E-01,9.38E-06
2213,7.74E-01,3.89E-01,0.00E+00,-4.86E-01,8.74E-01,7.41E-06
2214,5.33E-01,1.63E-01,0.00E+00,-3.98E-01,5.86E-01,3.70E-06
2215,2.91E-01,-1.84E-02,0.00E+00,-2.70E-01,3.24E-01,7.96E-07
2216,1.66E-01,7.99E-02,0.00E+00,-5.93E-02,1.79E-01,8.72E-07
2217,2.71E+00,-7.44E-01,0.00E+00,-2.98E+00,3.02E+00,7.20E-06
2218,3.82E+00,-2.56E+00,0.00E+00,-4.35E+00,4.35E+00,-6.60E-06
2219,4.94E+00,-3.28E+00,0.00E+00,-5.58E+00,5.62E+00,-1.15E-05
2220,1.43E+00,6.41E-01,0.00E+00,-9.37E-01,1.58E+00,1.80E-05
2221,5.51E+00,-3.59E+00,0.00E+00,-6.32E+00,6.32E+00,-8.30E-06
2222,1.35E+00,1.07E+00,0.00E+00,-4.55E-01,1.52E+00,2.39E-05
2223,2.82E+00,1.28E+00,0.00E+00,-1.86E+00,3.13E+00,3.30E-05
2224,3.59E+00,1.36E+00,0.00E+00,-2.61E+00,3.98E+00,4.21E-05
2225,1.02E+00,6.32E-01,0.00E+00,-2.91E-01,1.11E+00,3.51E-06
2226,3.87E+00,-2.69E+00,0.00E+00,-4.38E+00,4.38E+00,-8.44E-06
2227,4.80E+00,-3.15E+00,0.00E+00,-5.43E+00,5.47E+00,-9.64E-06
2228,1.31E+00,2.54E-01,0.00E+00,-1.03E+00,1.46E+00,7.07E-06
2229,5.46E+00,-3.61E+00,0.00E+00,-6.25E+00,6.25E+00,-9.56E-06
2230,1.43E+00,1.17E+00,0.00E+00,-4.15E-01,1.59E+00,2.55E-05
2231,1.37E+00,1.14E+00,0.00E+00,-3.71E-01,1.51E+00,2.51E-05
2232,2.48E+00,1.29E+00,0.00E+00,-1.51E+00,2.79E+00,3.14E-05
2233,3.65E+00,1.33E+00,0.00E+00,-2.70E+00,4.02E+00,4.27E-05
2234,1.99E+00,-5.01E-01,0.00E+00,-2.07E+00,2.23E+00,1.11E-05
2235,1.99E+00,2.09E+00,0.00E+00,5.35E-01,2.23E+00,3.33E-05
2236,4.15E+00,4.24E+00,0.00E+00,2.79E-01,4.41E+00,5.00E-05
2237,1.73E+00,9.68E-01,0.00E+00,-9.78E-01,1.95E+00,2.18E-05
2238,4.12E+00,-2.15E-01,0.00E+00,-4.18E+00,4.35E+00,3.73E-05
2239,2.52E+00,2.42E+00,0.00E+00,1.57E-02,2.80E+00,2.89E-05
2240,2.50E+00,-1.66E-02,0.00E+00,-2.40E+00,2.78E+00,3.25E-05
2241,4.21E+00,4.66E+00,0.00E+00,2.64E+00,4.70E+00,5.11E-05
2242,2.19E+00,1.10E+00,0.00E+00,-1.14E+00,2.39E+00,2.82E-05
2243,4.22E+00,-2.70E+00,0.00E+00,-4.66E+00,4.70E+00,5.33E-06
2244,2.33E+00,1.73E+00,0.00E+00,-1.73E-01,2.56E+00,2.60E-05
2245,2.35E+00,1.74E-01,0.00E+00,-1.74E+00,2.57E+00,1.36E-05
2246,1.72E+00,1.31E-01,0.00E+00,-1.45E+00,1.84E+00,1.05E-05
2247,1.89E+00,1.43E+00,0.00E+00,-3.99E-01,2.05E+00,2.67E-05
2248,1.66E+00,9.19E-02,0.00E+00,-1.57E+00,1.78E+00,9.55E-06
2249,2.18E+00,1.85E+00,0.00E+00,-2.11E-01,2.38E+00,2.89E-05
2250,1.68E+00,1.49E+00,0.00E+00,-2.34E-01,1.80E+00,2.25E-05
2251,2.06E+00,-2.45E-01,0.00E+00,-2.10E+00,2.28E+00,8.05E-06
2252,1.89E+00,9.44E-02,0.00E+00,-1.57E+00,2.14E+00,1.15E-05
2253,1.77E+00,4.00E-01,0.00E+00,-1.13E+00,1.96E+00,1.16E-05
2254,1.74E+00,4.86E-01,0.00E+00,-1.08E+00,1.91E+00,1.14E-05
2255,1.59E+00,5.82E-01,0.00E+00,-9.72E-01,1.73E+00,1.24E-05
2256,5.67E+00,1.12E+00,0.00E+00,-5.01E+00,6.17E+00,2.09E-05
2257,2.55E+00,1.35E+00,0.00E+00,-1.27E+00,2.75E+00,2.22E-05
2258,5.67E+00,5.04E+00,0.00E+00,-1.07E+00,6.16E+00,8.70E-05
2259,3.53E+00,1.06E+00,0.00E+00,-2.82E+00,3.94E+00,1.33E-05
2260,3.52E+00,2.82E+00,0.00E+00,-1.03E+00,3.93E+00,5.64E-05
2261,4.72E+00,2.70E+00,0.00E+00,-2.67E+00,5.37E+00,3.42E-05
2262,2.22E+00,1.22E+00,0.00E+00,-1.28E+00,2.50E+00,2.64E-05
2263,4.65E+00,2.55E+00,0.00E+00,-2.72E+00,5.27E+00,5.24E-05
2264,2.21E+00,1.49E+00,0.00E+00,-1.01E+00,2.51E+00,1.19E-05
2265,2.19E+00,8.99E-01,0.00E+00,-1.57E+00,2.47E+00,2.60E-05
2266,1.58E+00,1.11E+00,0.00E+00,-4.90E-01,1.76E+00,1.61E-05
2267,1.63E+00,6.19E-01,0.00E+00,-1.00E+00,1.79E+00,8.62E-06
2268,1.32E+00,8.61E-01,0.00E+00,-6.45E-01,1.51E+00,1.54E-05
2269,1.90E+00,8.31E-01,0.00E+00,-1.26E+00,2.15E+00,1.74E-05
2270,1.34E+00,6.88E-01,0.00E+00,-8.33E-01,1.52E+00,1.30E-05
2271,1.92E+00,1.39E+00,0.00E+00,-7.51E-01,2.14E+00,2.29E-05
2272,1.61E+00,8.74E-01,0.00E+00,-8.53E-01,1.81E+00,1.68E-05
2273,1.48E+00,6.32E-01,0.00E+00,-7.99E-01,1.63E+00,1.13E-05
2274,1.41E+00,6.82E-01,0.00E+00,-7.20E-01,1.55E+00,1.22E-05
2275,1.19E+00,6.56E-01,0.00E+00,-6.27E-01,1.32E+00,1.19E-05
2276,5.61E-01,3.35E-01,0.00E+00,-2.67E-01,6.09E-01,6.82E-06
2277,3.39E-01,2.33E-01,0.00E+00,-1.28E-01,3.62E-01,4.56E-06
2278,1.74E-01,7.87E-02,0.00E+00,-1.19E-01,1.97E-01,2.03E-06
2279,7.02E-01,4.18E-01,0.00E+00,-3.66E-01,7.85E-01,1.18E-05
2280,8.97E-01,7.63E-01,0.00E+00,-1.91E-01,9.65E-01,1.54E-05
2281,7.35E-01,6.53E-01,0.00E+00,-1.29E-01,7.82E-01,1.08E-05
2282,3.67E-01,2.18E-01,0.00E+00,-1.96E-01,4.14E-01,4.40E-06
2283,1.63E-01,1.20E-01,0.00E+00,-6.08E-02,1.82E-01,1.90E-06
2284,1.93E-01,1.36E-01,0.00E+00,-8.25E-02,2.19E-01,2.32E-06
2285,1.92E-01,9.84E-02,0.00E+00,-1.21E-01,2.20E-01,2.15E-06
2286,1.97E-01,3.87E-02,0.00E+00,-1.72E-01,2.16E-01,1.89E-06
2287,1.94E-01,-2.30E-02,0.00E+00,-2.01E-01,2.09E-01,1.15E-06
2288,1.91E-01,-7.75E-02,0.00E+00,-2.14E-01,2.14E-01,3.50E-07
2289,1.83E-01,-1.16E-01,0.00E+00,-2.09E-01,2.09E-01,-6.01E-07
2290,8.32E-01,6.25E-01,0.00E+00,-2.55E-01,9.30E-01,7.95E-06
2291,6.79E-01,5.61E-01,0.00E+00,-1.12E-01,7.60E-01,5.27E-06
2292,5.81E-01,3.34E-01,0.00E+00,-2.79E-01,6.45E-01,4.61E-06
2293,3.54E-01,1.71E-01,0.00E+00,-2.04E-01,3.90E-01,4.08E-06
2294,1.08E-01,6.22E-02,0.00E+00,-5.59E-02,1.18E-01,1.55E-06
2295,4.95E-01,1.96E-01,0.00E+00,-2.61E-01,5.51E-01,4.34E-06
2296,4.74E-01,1.54E-02,0.00E+00,-4.17E-01,5.35E-01,4.94E-06
2297,4.60E-01,2.93E-01,0.00E+00,-2.26E-01,5.19E-01,6.65E-06
2298,2.94E-01,2.07E-01,0.00E+00,-1.13E-01,3.20E-01,5.12E-06
2299,4.08E-01,3.21E-01,0.00E+00,-9.30E-02,4.35E-01,4.82E-06
2300,3.12E-01,1.34E-01,0.00E+00,-1.97E-01,3.46E-01,3.05E-06
2301,2.66E-01,1.75E-01,0.00E+00,-1.16E-01,3.01E-01,2.95E-06
2302,6.90E-01,7.89E-01,0.00E+00,3.86E-01,7.90E-01,8.40E-06
2303,2.74E-01,1.75E-01,0.00E+00,-1.30E-01,3.07E-01,3.05E-06
2304,1.49E-01,1.03E-01,0.00E+00,-6.23E-02,1.68E-01,1.66E-06
2305,8.38E-01,1.66E-01,0.00E+00,-7.08E-01,9.14E-01,3.37E-06
2306,3.74E-01,1.96E-01,0.00E+00,-2.12E-01,4.10E-01,1.84E-06
2307,1.33E-01,8.83E-02,0.00E+00,-6.29E-02,1.51E-01,1.76E-06
2308,1.24E-01,9.30E-02,0.00E+00,-4.62E-02,1.39E-01,1.64E-06
2309,1.63E-01,9.02E-02,0.00E+00,-9.44E-02,1.85E-01,2.04E-06
2310,1.96E-01,3.88E-02,0.00E+00,-1.72E-01,2.15E-01,1.89E-06
2311,1.94E-01,-2.27E-02,0.00E+00,-2.01E-01,2.09E-01,1.15E-06
2312,1.92E-01,-7.78E-02,0.00E+00,-2.14E-01,2.15E-01,3.58E-07
2313,1.84E-01,-1.20E-01,0.00E+00,-2.10E-01,2.10E-01,-6.62E-07
2314,1.65E-01,8.50E-02,0.00E+00,-1.02E-01,1.87E-01,1.79E-06
2315,1.22E-01,5.82E-02,0.00E+00,-7.92E-02,1.37E-01,1.42E-06
2316,9.05E-02,4.78E-02,0.00E+00,-5.46E-02,1.02E-01,1.17E-06
2317,9.75E-02,5.75E-02,0.00E+00,-5.29E-02,1.10E-01,8.91E-07
2318,8.41E-02,4.52E-02,0.00E+00,-4.89E-02,9.40E-02,7.23E-07
2319,6.67E-02,2.73E-02,0.00E+00,-4.50E-02,7.42E-02,5.31E-07
2320,1.31E-01,8.71E-02,0.00E+00,-6.25E-02,1.50E-01,1.47E-06
2321,7.53E-02,4.50E-02,0.00E+00,-4.07E-02,8.57E-02,7.70E-07
2322,7.83E-02,3.68E-02,0.00E+00,-5.13E-02,8.81E-02,7.15E-07
2323,7.82E-02,3.29E-02,0.00E+00,-5.34E-02,8.63E-02,7.91E-07
2324,4.88E-02,1.19E-02,0.00E+00,-3.79E-02,5.27E-02,3.98E-07
2325,2.67E-01,2.02E-02,0.00E+00,-2.46E-01,2.97E-01,2.67E-06
2326,2.17E-01,-4.19E-02,0.00E+00,-2.33E-01,2.36E-01,1.65E-06
2327,3.06E-01,3.29E-01,0.00E+00,1.59E-01,3.33E-01,5.34E-06
2328,5.34E-01,3.94E-01,0.00E+00,-2.08E-01,6.02E-01,8.04E-06
2329,3.29E-01,3.59E-01,0.00E+00,1.40E-01,3.69E-01,5.86E-06
2330,1.74E-01,3.70E-02,0.00E+00,-1.46E-01,1.90E-01,1.39E-06
2331,1.97E-01,5.05E-02,0.00E+00,-1.59E-01,2.14E-01,1.85E-06
2332,1.92E-01,9.35E-02,0.00E+00,-1.23E-01,2.16E-01,2.27E-06
2333,1.82E-01,1.37E-01,0.00E+00,-6.69E-02,2.03E-01,2.46E-06
2334,1.74E-01,1.73E-01,0.00E+00,1.60E-03,1.86E-01,2.28E-06
2335,1.73E-01,1.89E-01,0.00E+00,5.68E-02,1.90E-01,2.09E-06
2336,1.72E-01,1.91E-01,0.00E+00,1.11E-01,1.91E-01,1.74E-06
2337,1.70E-01,1.89E-01,0.00E+00,1.07E-01,1.89E-01,1.75E-06
2338,1.70E-01,1.86E-01,0.00E+00,5.52E-02,1.86E-01,2.06E-06
2339,1.89E-01,3.88E-02,0.00E+00,-1.21E-01,2.06E-01,1.24E-06
2340,1.91E-01,-2.43E-02,0.00E+00,-2.01E-01,2.01E-01,4.81E-07
2341,1.60E-01,1.48E-02,0.00E+00,-1.51E-01,1.67E-01,6.51E-07
2342,1.52E-01,4.31E-02,0.00E+00,-1.24E-01,1.67E-01,9.71E-07
2343,1.61E-01,5.51E-02,0.00E+00,-1.22E-01,1.77E-01,1.31E-06
2344,1.93E-01,9.92E-02,0.00E+00,-1.21E-01,2.21E-01,1.92E-06
2345,1.55E-01,9.27E-02,0.00E+00,-8.52E-02,1.78E-01,1.54E-06
2346,1.31E-01,7.71E-02,0.00E+00,-7.24E-02,1.50E-01,1.27E-06
2347,1.06E-01,6.00E-02,0.00E+00,-6.09E-02,1.21E-01,9.81E-07
2348,8.39E-02,4.48E-02,0.00E+00,-4.89E-02,9.37E-02,7.15E-07
2349,6.65E-02,2.71E-02,0.00E+00,-4.50E-02,7.41E-02,5.27E-07
2350,1.70E-01,7.43E-02,0.00E+00,-1.20E-01,1.94E-01,1.80E-06
2351,1.43E-01,6.84E-02,0.00E+00,-9.56E-02,1.64E-01,1.52E-06
2352,1.11E-01,5.28E-02,0.00E+00,-7.26E-02,1.25E-01,1.17E-06
2353,7.80E-02,3.25E-02,0.00E+00,-5.35E-02,8.61E-02,7.84E-07
2354,4.88E-02,1.16E-02,0.00E+00,-3.82E-02,5.28E-02,3.95E-07
2355,5.62E-01,2.67E-01,0.00E+00,-3.33E-01,6.09E-01,5.98E-06
2356,7.43E-01,1.98E-01,0.00E+00,-5.87E-01,8.21E-01,8.24E-06
2357,9.82E-01,8.18E-01,0.00E+00,-2.24E-01,1.08E+00,1.66E-05
2358,1.61E-01,-7.03E-03,0.00E+00,-1.54E-01,1.77E-01,7.31E-07
2359,8.40E-01,7.55E-01,0.00E+00,-9.10E-02,9.07E-01,1.25E-05
2360,1.84E+00,6.32E-03,0.00E+00,-1.64E+00,2.12E+00,1.89E-05
2361,1.84E+00,1.67E+00,0.00E+00,3.41E-02,2.11E+00,3.38E-05
2362,2.46E-01,1.24E-01,0.00E+00,-1.58E-01,2.81E-01,2.62E-06
2363,3.37E-01,1.80E-01,0.00E+00,-2.03E-01,3.83E-01,3.76E-06
2364,3.42E-01,2.30E-01,0.00E+00,-1.57E-01,3.87E-01,4.06E-06
2365,1.23E+00,1.18E+00,0.00E+00,1.61E-02,1.35E+00,1.48E-05
2366,2.38E-01,1.07E-01,0.00E+00,-1.61E-01,2.68E-01,2.46E-06
2367,2.98E-01,1.60E-01,0.00E+00,-1.77E-01,3.38E-01,2.97E-06
2368,3.68E-01,1.72E-01,0.00E+00,-2.44E-01,4.16E-01,3.11E-06
2369,5.41E-01,4.15E-02,0.00E+00,-4.94E-01,5.82E-01,4.04E-06
2370,6.91E-01,6.40E-01,0.00E+00,-8.11E-02,7.25E-01,8.86E-06
2371,5.06E-01,3.28E-01,0.00E+00,-2.49E-01,5.77E-01,5.41E-06
2372,5.74E-01,4.51E-01,0.00E+00,-1.87E-01,6.39E-01,6.62E-06
2373,6.94E-01,5.79E-01,0.00E+00,-1.76E-01,7.55E-01,8.38E-06
2374,9.06E-01,5.77E-01,0.00E+00,-3.50E-01,9.65E-01,8.33E-06
2375,8.37E-01,1.28E-01,0.00E+00,-7.53E-01,9.03E-01,7.37E-06
2376,6.59E-01,2.82E-01,0.00E+00,-4.50E-01,7.32E-01,6.22E-06
2377,6.04E-01,2.37E-01,0.00E+00,-4.44E-01,6.81E-01,5.26E-06
2378,3.35E-01,1.99E-01,0.00E+00,-9.54E-02,3.60E-01,2.39E-06
2379,3.56E-01,3.65E-01,0.00E+00,3.23E-02,3.78E-01,6.38E-06
2380,3.75E-01,3.43E-01,0.00E+00,-5.42E-02,3.97E-01,4.91E-06
2381,2.66E-01,2.31E-01,0.00E+00,-5.51E-02,2.87E-01,3.38E-06
2382,1.58E-01,1.39E-01,0.00E+00,-2.93E-02,1.74E-01,2.34E-06
2383,3.57E-01,2.62E-01,0.00E+00,-1.32E-01,3.94E-01,1.39E-06
2384,5.14E-01,-7.50E-02,0.00E+00,-5.41E-01,5.56E-01,2.18E-06
2385,4.76E-01,7.42E-02,0.00E+00,-4.33E-01,5.07E-01,3.20E-06
2386,3.43E-01,8.01E-02,0.00E+00,-2.93E-01,3.75E-01,2.59E-06
2387,2.63E-01,8.26E-02,0.00E+00,-2.04E-01,2.93E-01,2.44E-06
2388,4.02E-01,3.02E-01,0.00E+00,-1.04E-01,4.42E-01,3.86E-06
2389,1.25E+00,1.15E+00,0.00E+00,-7.49E-02,1.39E+00,1.51E-05
2390,4.71E+00,2.15E+00,0.00E+00,-2.19E+00,5.12E+00,4.66E-05
2391,1.72E+00,9.79E-01,0.00E+00,-8.43E-01,1.91E+00,1.50E-05
2392,2.05E+00,-5.26E-01,0.00E+00,-2.15E+00,2.23E+00,-8.40E-07
2393,1.12E+00,-4.96E-02,0.00E+00,-9.71E-01,1.23E+00,1.59E-06
2394,2.86E+00,-1.83E+00,0.00E+00,-3.23E+00,3.23E+00,-1.05E-05
2395,1.90E+00,-1.53E+00,0.00E+00,-2.11E+00,2.11E+00,-1.29E-05
2396,1.84E+00,-2.00E-01,0.00E+00,-1.76E+00,2.03E+00,3.73E-06
2397,3.10E+00,-1.79E+00,0.00E+00,-3.53E+00,3.53E+00,-8.76E-06
2398,2.70E+00,-2.19E+00,0.00E+00,-3.00E+00,3.00E+00,-1.85E-05
2399,3.19E+00,-2.10E+00,0.00E+00,-3.64E+00,3.64E+00,-1.15E-05
2400,3.02E+00,-1.76E+00,0.00E+00,-3.49E+00,3.49E+00,-6.88E-06
2401,2.67E+00,-1.26E+00,0.00E+00,-3.07E+00,3.07E+00,-1.90E-06
2402,2.27E+00,-8.29E-01,0.00E+00,-2.57E+00,2.57E+00,1.26E-06
2403,1.89E+00,-5.36E-01,0.00E+00,-2.10E+00,2.10E+00,2.85E-06
2404,1.54E+00,-3.57E-01,0.00E+00,-1.69E+00,1.69E+00,3.25E-06
2405,1.22E+00,-2.61E-01,0.00E+00,-1.32E+00,1.32E+00,2.71E-06
2406,8.99E-01,-1.93E-01,0.00E+00,-9.77E-01,9.77E-01,1.78E-06
2407,5.52E-01,-8.61E-02,0.00E+00,-5.74E-01,6.03E-01,1.08E-06
2408,5.38E-01,1.58E-01,0.00E+00,-4.32E-01,5.92E-01,4.18E-06
2409,3.64E-01,1.66E-01,0.00E+00,-2.22E-01,4.09E-01,2.68E-06
2410,4.63E-01,2.33E-01,0.00E+00,-2.80E-01,5.13E-01,4.63E-06
2411,6.14E-01,5.29E-02,0.00E+00,-5.83E-01,6.42E-01,3.36E-06
2412,6.65E-01,-9.38E-02,0.00E+00,-6.96E-01,7.08E-01,1.50E-06
2413,3.38E+00,-2.07E+00,0.00E+00,-3.88E+00,3.88E+00,-9.74E-06
2414,4.42E-01,-4.01E-02,0.00E+00,-4.44E-01,4.78E-01,9.38E-07
2415,2.92E+00,-1.96E+00,0.00E+00,-3.34E+00,3.34E+00,-1.17E-05
2416,3.20E+00,-1.80E+00,0.00E+00,-3.69E+00,3.69E+00,-5.73E-06
2417,1.02E+00,-2.09E-01,0.00E+00,-1.11E+00,1.11E+00,2.48E-06
2418,2.86E+00,-1.51E+00,0.00E+00,-3.29E+00,3.29E+00,-4.55E-06
2419,2.38E+00,-9.42E-01,0.00E+00,-2.70E+00,2.70E+00,2.79E-07
2420,2.00E+00,-6.10E-01,0.00E+00,-2.24E+00,2.24E+00,2.52E-06
2421,1.66E+00,-3.93E-01,0.00E+00,-1.82E+00,1.82E+00,3.45E-06
2422,1.34E+00,-2.78E-01,0.00E+00,-1.46E+00,1.46E+00,3.28E-06
2423,1.14E+00,-3.76E-01,0.00E+00,-1.25E+00,1.25E+00,2.19E-06
2424,1.17E+00,-5.27E-01,0.00E+00,-1.33E+00,1.33E+00,2.60E-06
2425,6.66E+00,-2.46E+00,0.00E+00,-7.15E+00,7.47E+00,1.18E-05
2426,1.32E+00,7.23E-01,0.00E+00,-4.94E-01,1.41E+00,8.65E-06
2427,2.06E+00,-9.22E-01,0.00E+00,-2.31E+00,2.31E+00,-7.52E-06
2428,1.23E+00,3.86E-02,0.00E+00,-1.00E+00,1.37E+00,2.39E-06
2429,3.31E+00,-2.20E+00,0.00E+00,-3.80E+00,3.80E+00,-1.47E-05
2430,2.28E+00,-1.61E+00,0.00E+00,-2.60E+00,2.60E+00,-1.33E-05
2431,1.84E+00,-4.09E-01,0.00E+00,-1.77E+00,2.08E+00,-1.23E-06
2432,3.58E+00,-2.23E+00,0.00E+00,-4.12E+00,4.12E+00,-1.36E-05
2433,3.26E+00,-2.36E+00,0.00E+00,-3.72E+00,3.72E+00,-1.70E-05
2434,3.76E+00,-2.37E+00,0.00E+00,-4.32E+00,4.32E+00,-1.29E-05
2435,3.54E+00,-2.06E+00,0.00E+00,-4.08E+00,4.08E+00,-9.21E-06
2436,3.08E+00,-1.75E+00,0.00E+00,-3.56E+00,3.56E+00,-7.42E-06
2437,2.54E+00,-1.49E+00,0.00E+00,-2.94E+00,2.94E+00,-6.95E-06
2438,2.07E+00,-1.29E+00,0.00E+00,-2.39E+00,2.39E+00,-6.84E-06
2439,1.68E+00,-1.12E+00,0.00E+00,-1.93E+00,1.93E+00,-6.62E-06
2440,1.33E+00,-9.37E-01,0.00E+00,-1.52E+00,1.52E+00,-6.04E-06
2441,9.87E-01,-7.08E-01,0.00E+00,-1.13E+00,1.13E+00,-4.77E-06
2442,5.53E-01,-3.37E-01,0.00E+00,-6.32E-01,6.32E-01,-2.22E-06
2443,3.38E-01,-1.52E-02,0.00E+00,-2.92E-01,3.83E-01,6.03E-07
2444,3.37E-01,1.34E-01,0.00E+00,-1.50E-01,3.79E-01,1.74E-06
2445,3.40E-01,1.23E-01,0.00E+00,-1.99E-01,3.66E-01,2.34E-06
2446,4.91E-01,-2.73E-01,0.00E+00,-5.60E-01,5.60E-01,-1.64E-06
2447,6.78E-01,-4.82E-01,0.00E+00,-7.75E-01,7.75E-01,-3.78E-06
2448,3.95E+00,-2.36E+00,0.00E+00,-4.55E+00,4.55E+00,-1.18E-05
2449,4.43E-01,-2.33E-01,0.00E+00,-4.99E-01,4.99E-01,-1.61E-06
2450,3.47E+00,-2.23E+00,0.00E+00,-3.99E+00,3.99E+00,-1.31E-05
2451,3.73E+00,-2.05E+00,0.00E+00,-4.30E+00,4.30E+00,-7.57E-06
2452,1.11E+00,-8.00E-01,0.00E+00,-1.27E+00,1.27E+00,-5.17E-06
2453,3.31E+00,-1.90E+00,0.00E+00,-3.82E+00,3.82E+00,-8.42E-06
2454,2.69E+00,-1.55E+00,0.00E+00,-3.10E+00,3.10E+00,-7.15E-06
2455,2.21E+00,-1.34E+00,0.00E+00,-2.55E+00,2.55E+00,-6.78E-06
2456,1.79E+00,-1.17E+00,0.00E+00,-2.07E+00,2.07E+00,-6.57E-06
2457,1.45E+00,-1.00E+00,0.00E+00,-1.66E+00,1.66E+00,-6.15E-06
2458,1.53E+00,1.40E+00,0.00E+00,-1.52E-01,1.67E+00,1.48E-05
2459,1.22E+00,1.20E+00,0.00E+00,9.43E-02,1.36E+00,1.37E-05
2460,8.98E-01,8.72E-01,0.00E+00,3.53E-02,9.99E-01,1.24E-05
2461,6.00E-01,4.66E-01,0.00E+00,-1.74E-01,6.70E-01,9.49E-06
2462,5.99E-01,1.77E-01,0.00E+00,-4.63E-01,6.68E-01,7.23E-06
2463,8.95E-01,-3.51E-02,0.00E+00,-8.69E-01,9.96E-01,6.02E-06
2464,1.22E+00,-9.63E-02,0.00E+00,-1.20E+00,1.35E+00,6.00E-06
2465,1.54E+00,1.49E-01,0.00E+00,-1.40E+00,1.68E+00,9.91E-06
2466,1.22E+00,4.61E-01,0.00E+00,-8.63E-01,1.35E+00,7.61E-06
2467,7.12E-01,6.37E-02,0.00E+00,-6.17E-01,8.09E-01,2.86E-06
2468,5.56E-01,1.69E-01,0.00E+00,-4.05E-01,6.38E-01,5.92E-06
2469,5.16E-01,2.98E-01,0.00E+00,-2.93E-01,5.91E-01,7.77E-06
2470,5.56E-01,4.09E-01,0.00E+00,-1.62E-01,6.38E-01,9.03E-06
2471,7.14E-01,6.22E-01,0.00E+00,-5.67E-02,8.10E-01,1.08E-05
2472,1.22E+00,8.73E-01,0.00E+00,-4.53E-01,1.35E+00,1.72E-05
2473,2.39E+00,9.51E-01,0.00E+00,-1.75E+00,2.70E+00,1.94E-05
2474,1.27E+00,-2.17E-01,0.00E+00,-1.34E+00,1.35E+00,1.33E-06
2475,6.83E-01,-3.79E-01,0.00E+00,-7.80E-01,7.80E-01,-2.50E-06
2476,3.33E-01,-4.27E-02,0.00E+00,-3.14E-01,3.69E-01,4.68E-07
2477,3.36E-01,3.21E-01,0.00E+00,5.04E-02,3.71E-01,3.96E-06
2478,6.89E-01,7.87E-01,0.00E+00,3.87E-01,7.87E-01,9.09E-06
2479,1.27E+00,1.35E+00,0.00E+00,2.26E-01,1.36E+00,1.97E-05
2480,2.40E+00,1.77E+00,0.00E+00,-9.37E-01,2.70E+00,3.18E-05
2481,1.75E+00,1.33E-01,0.00E+00,-1.65E+00,1.88E+00,6.87E-06
2482,1.02E+00,-3.66E-01,0.00E+00,-1.14E+00,1.14E+00,-6.15E-07
2483,5.76E-01,-1.90E-01,0.00E+00,-6.12E-01,6.24E-01,5.95E-07
2484,3.82E-01,2.01E-01,0.00E+00,-2.00E-01,4.07E-01,4.33E-06
2485,5.76E-01,6.11E-01,0.00E+00,1.92E-01,6.24E-01,7.65E-06
2486,1.01E+00,1.13E+00,0.00E+00,3.69E-01,1.13E+00,1.43E-05
2487,1.75E+00,1.65E+00,0.00E+00,-1.22E-01,1.88E+00,2.56E-05
2488,1.31E+00,4.67E-01,0.00E+00,-8.75E-01,1.44E+00,9.32E-06
2489,8.13E-01,3.97E-02,0.00E+00,-7.06E-01,8.89E-01,3.05E-06
2490,6.28E-01,2.01E-02,0.00E+00,-5.90E-01,6.89E-01,3.81E-06
2491,5.54E-01,1.99E-01,0.00E+00,-4.16E-01,6.15E-01,5.88E-06
2492,5.53E-01,4.09E-01,0.00E+00,-2.05E-01,6.15E-01,7.71E-06
2493,6.23E-01,5.79E-01,0.00E+00,-2.83E-02,6.86E-01,9.28E-06
2494,8.02E-01,6.87E-01,0.00E+00,-4.77E-02,8.78E-01,1.09E-05
2495,1.29E+00,8.41E-01,0.00E+00,-4.75E-01,1.40E+00,1.53E-05
2496,1.00E+00,9.86E-01,0.00E+00,2.77E-01,1.11E+00,1.30E-05
2497,5.82E-01,5.12E-01,0.00E+00,1.15E-01,6.37E-01,7.51E-06
2498,4.91E-01,3.56E-01,0.00E+00,-1.73E-01,5.40E-01,6.78E-06
2499,4.47E-01,2.51E-01,0.00E+00,-2.62E-01,5.12E-01,5.96E-06
2500,4.93E-01,1.60E-01,0.00E+00,-3.68E-01,5.44E-01,5.57E-06
2501,5.91E-01,-1.33E-01,0.00E+00,-5.29E-01,6.49E-01,2.31E-06
2502,1.02E+00,-2.97E-01,0.00E+00,-1.01E+00,1.13E+00,1.40E-06
2503,2.54E+00,2.74E+00,0.00E+00,5.49E-01,2.74E+00,3.76E-05
2504,1.27E+00,1.45E+00,0.00E+00,8.44E-01,1.45E+00,1.54E-05
2505,6.75E-01,7.37E-01,0.00E+00,4.22E-01,7.37E-01,8.53E-06
2506,3.47E-01,3.17E-01,0.00E+00,-9.25E-03,3.92E-01,5.12E-06
2507,3.52E-01,8.99E-04,0.00E+00,-3.28E-01,3.98E-01,3.02E-06
2508,6.86E-01,-4.36E-01,0.00E+00,-7.50E-01,7.50E-01,-5.86E-07
2509,1.30E+00,-8.64E-01,0.00E+00,-1.47E+00,1.47E+00,-5.11E-06
2510,2.56E+00,-5.75E-01,0.00E+00,-2.78E+00,2.78E+00,5.87E-06
2511,2.52E+00,2.81E+00,0.00E+00,1.02E+00,2.81E+00,3.43E-05
2512,1.28E+00,1.43E+00,0.00E+00,1.00E+00,1.43E+00,1.27E-05
2513,5.71E-01,6.36E-01,0.00E+00,4.07E-01,6.36E-01,6.45E-06
2514,2.51E-01,9.92E-02,0.00E+00,-1.02E-01,2.87E-01,2.21E-06
2515,5.79E-01,-4.09E-01,0.00E+00,-6.44E-01,6.44E-01,-9.26E-07
2516,1.30E+00,-1.00E+00,0.00E+00,-1.46E+00,1.46E+00,-6.79E-06
2517,2.54E+00,-1.06E+00,0.00E+00,-2.85E+00,2.85E+00,-5.49E-07
2518,1.18E+00,1.30E+00,0.00E+00,4.00E-01,1.34E+00,1.39E-05
2519,8.62E-01,-4.65E-01,0.00E+00,-9.22E-01,9.66E-01,-5.38E-06
2520,1.85E+00,-1.36E+00,0.00E+00,-2.04E+00,2.04E+00,-1.32E-05
2521,2.10E+00,-1.51E+00,0.00E+00,-2.33E+00,2.33E+00,-1.36E-05
2522,1.49E+00,-2.61E-02,0.00E+00,-1.04E+00,1.65E+00,6.01E-06
2523,6.48E-01,8.73E-02,0.00E+00,-4.52E-01,7.23E-01,2.43E-06
2524,1.30E+00,-6.66E-01,0.00E+00,-1.45E+00,1.45E+00,-1.98E-06
2525,2.03E+00,-1.05E+00,0.00E+00,-2.27E+00,2.27E+00,-3.73E-06
2526,2.42E+00,-1.31E+00,0.00E+00,-2.74E+00,2.74E+00,-4.84E-06
2527,5.84E-01,4.02E-01,0.00E+00,-5.63E-02,6.61E-01,4.38E-06
2528,8.29E-01,-5.20E-01,0.00E+00,-9.29E-01,9.29E-01,-3.66E-06
2529,1.19E+00,-9.01E-01,0.00E+00,-1.34E+00,1.34E+00,-7.45E-06
2530,9.93E-01,-5.90E-01,0.00E+00,-9.96E-01,1.12E+00,-2.11E-06
2531,6.21E-01,2.76E-01,0.00E+00,-2.41E-01,6.79E-01,8.91E-06
2532,5.13E-01,-1.14E-01,0.00E+00,-4.85E-01,5.81E-01,4.54E-06
2533,8.46E-01,-5.96E-01,0.00E+00,-9.48E-01,9.48E-01,-1.48E-06
2534,1.08E+00,-8.50E-01,0.00E+00,-1.21E+00,1.21E+00,-5.37E-06
2535,5.71E-01,5.58E-01,0.00E+00,9.42E-02,6.44E-01,7.64E-06
2536,4.96E-01,1.93E-01,0.00E+00,-3.31E-01,5.48E-01,6.36E-06
2537,6.35E-01,-2.75E-02,0.00E+00,-5.82E-01,7.17E-01,3.81E-06
2538,4.84E-01,-1.90E-01,0.00E+00,-4.79E-01,5.44E-01,-7.00E-07
2539,4.85E-01,2.78E-01,0.00E+00,-1.62E-01,5.34E-01,5.84E-06
2540,4.72E-01,3.07E-01,0.00E+00,-2.21E-01,5.28E-01,7.75E-06
2541,3.98E-01,4.90E-02,0.00E+00,-3.39E-01,4.38E-01,4.83E-06
2542,3.96E-01,-1.30E-01,0.00E+00,-3.85E-01,4.40E-01,2.14E-06
2543,3.91E-01,-2.27E-01,0.00E+00,-3.86E-01,4.27E-01,5.67E-07
2544,4.51E-01,1.15E-01,0.00E+00,-3.30E-01,4.94E-01,5.48E-06
2545,5.92E-01,4.93E-01,0.00E+00,-8.75E-02,6.73E-01,9.11E-06
2546,5.85E-01,5.69E-01,0.00E+00,1.38E-01,6.64E-01,7.37E-06
2547,4.81E-01,3.16E-01,0.00E+00,1.76E-02,5.31E-01,5.08E-06
2548,5.23E-01,1.59E-01,0.00E+00,-3.92E-01,5.79E-01,6.37E-06
2549,4.24E-01,3.03E-01,0.00E+00,-1.60E-01,4.63E-01,6.64E-06
2550,3.88E-01,3.72E-01,0.00E+00,6.78E-02,4.25E-01,5.53E-06
2551,4.01E-01,3.93E-01,0.00E+00,1.96E-01,4.45E-01,4.35E-06
2552,9.78E-01,-3.60E-01,0.00E+00,-1.10E+00,1.10E+00,1.40E-06
2553,5.91E-01,4.96E-01,0.00E+00,1.13E-01,6.55E-01,8.06E-06
2554,1.05E+00,1.19E+00,0.00E+00,7.37E-01,1.19E+00,1.43E-05
2555,1.15E+00,1.29E+00,0.00E+00,8.83E-01,1.29E+00,1.32E-05
2556,8.10E-01,5.51E-01,0.00E+00,1.27E-01,9.00E-01,5.75E-06
2557,4.62E-01,2.25E-01,0.00E+00,-2.03E-01,5.12E-01,6.25E-06
2558,6.75E-01,7.43E-01,0.00E+00,3.86E-01,7.52E-01,9.24E-06
2559,9.59E-01,1.08E+00,0.00E+00,7.21E-01,1.08E+00,1.02E-05
2560,1.17E+00,1.31E+00,0.00E+00,9.18E-01,1.31E+00,1.02E-05
2561,8.13E-01,4.89E-02,0.00E+00,-5.55E-01,9.10E-01,4.89E-06
2562,1.43E+00,1.64E+00,0.00E+00,7.57E-01,1.64E+00,2.14E-05
2563,2.01E+00,2.30E+00,0.00E+00,1.26E+00,2.30E+00,2.79E-05
2564,1.67E+00,1.91E+00,0.00E+00,1.06E+00,1.91E+00,2.45E-05
2565,7.09E-01,5.00E-01,0.00E+00,1.36E-02,7.97E-01,2.68E-06
2566,7.31E-01,7.15E-01,0.00E+00,2.40E-01,8.26E-01,9.91E-06
2567,1.86E+00,2.06E+00,0.00E+00,7.76E-01,2.06E+00,2.45E-05
2568,2.32E+00,2.60E+00,0.00E+00,1.14E+00,2.60E+00,2.97E-05
2569,1.87E+00,2.10E+00,0.00E+00,1.43E+00,2.10E+00,2.13E-05
2570,3.69E+00,-2.03E-01,0.00E+00,-3.78E+00,3.82E+00,1.31E-05
2571,6.33E-01,7.01E-01,0.00E+00,4.93E-01,7.01E-01,7.37E-06
2572,5.87E-01,6.51E-01,0.00E+00,4.45E-01,6.51E-01,6.77E-06
2573,4.58E-01,5.14E-01,0.00E+00,2.95E-01,5.14E-01,5.34E-06
2574,2.72E-01,2.68E-01,0.00E+00,5.31E-02,3.07E-01,2.28E-06
2575,1.68E-01,1.91E-03,0.00E+00,-1.29E-01,1.89E-01,4.58E-07
2576,1.23E-01,1.08E-02,0.00E+00,-8.30E-02,1.36E-01,1.38E-06
2577,1.32E-01,7.67E-02,0.00E+00,-3.47E-02,1.37E-01,2.15E-06
2578,1.44E-01,1.17E-01,0.00E+00,-1.00E-02,1.54E-01,2.50E-06
2579,2.40E-01,2.72E-01,0.00E+00,1.66E-01,2.72E-01,1.92E-06
2580,1.98E-01,2.22E-01,0.00E+00,1.10E-01,2.25E-01,1.73E-06
2581,1.36E-01,1.20E-01,0.00E+00,4.01E-03,1.53E-01,1.16E-06
2582,9.85E-02,1.68E-02,0.00E+00,-7.51E-02,1.08E-01,7.21E-07
2583,8.78E-02,8.01E-02,0.00E+00,9.62E-03,9.85E-02,1.59E-06
2584,1.13E-01,1.22E-01,0.00E+00,7.30E-02,1.23E-01,1.51E-06
2585,1.35E-01,1.47E-01,0.00E+00,9.01E-02,1.47E-01,1.64E-06
2586,8.61E-02,8.07E-02,0.00E+00,9.58E-03,9.80E-02,1.00E-06
2587,8.50E-02,7.24E-02,0.00E+00,-7.08E-03,9.49E-02,1.10E-06
2588,9.22E-02,5.46E-02,0.00E+00,-4.75E-02,1.03E-01,1.20E-06
2589,1.13E-01,2.75E-02,0.00E+00,-9.35E-02,1.25E-01,1.01E-06
2590,9.39E-02,5.85E-02,0.00E+00,-3.77E-02,1.01E-01,1.37E-06
2591,8.22E-02,8.63E-02,0.00E+00,2.56E-02,9.05E-02,1.19E-06
2592,8.94E-02,9.62E-02,0.00E+00,4.05E-02,9.94E-02,1.02E-06
2593,9.90E-02,1.06E-01,0.00E+00,3.63E-02,1.10E-01,1.22E-06
2594,6.48E-02,1.27E-02,0.00E+00,-5.21E-02,7.20E-02,5.82E-07
2595,8.38E-02,2.55E-02,0.00E+00,-6.62E-02,9.33E-02,9.83E-07
2596,1.13E-01,4.24E-02,0.00E+00,-8.57E-02,1.28E-01,1.39E-06
2597,1.06E-01,5.12E-02,0.00E+00,-7.05E-02,1.22E-01,1.32E-06
2598,6.16E-02,2.16E-02,0.00E+00,-4.16E-02,6.85E-02,6.98E-07
2599,5.03E-02,1.14E-02,0.00E+00,-3.18E-02,5.48E-02,3.11E-07
2600,6.12E-02,1.86E-02,0.00E+00,-4.03E-02,6.73E-02,4.29E-07
2601,1.03E-01,-7.73E-02,0.00E+00,-1.12E-01,1.14E-01,-2.44E-07
2602,1.04E-01,-5.35E-02,0.00E+00,-1.14E-01,1.17E-01,3.21E-07
2603,1.04E-01,-7.71E-03,0.00E+00,-1.03E-01,1.16E-01,1.01E-06
2604,1.11E-01,4.29E-02,0.00E+00,-8.15E-02,1.24E-01,1.55E-06
2605,9.44E-02,6.67E-03,0.00E+00,-8.45E-02,1.07E-01,1.03E-06
2606,8.38E-02,-5.75E-02,0.00E+00,-9.10E-02,9.20E-02,-3.44E-08
2607,9.48E-02,-7.22E-02,0.00E+00,-1.03E-01,1.04E-01,-4.22E-07
2608,1.06E-01,-6.27E-02,0.00E+00,-1.19E-01,1.21E-01,-1.34E-07
2609,2.83E-01,-2.17E-01,0.00E+00,-3.15E-01,3.15E-01,-1.33E-06
2610,2.40E-01,-1.55E-01,0.00E+00,-2.71E-01,2.71E-01,-6.11E-07
2611,1.64E-01,-4.96E-02,0.00E+00,-1.76E-01,1.83E-01,5.63E-07
2612,1.01E-01,2.31E-02,0.00E+00,-8.27E-02,1.10E-01,1.50E-06
2613,1.06E-01,-5.12E-02,0.00E+00,-1.16E-01,1.16E-01,-8.25E-08
2614,1.48E-01,-1.08E-01,0.00E+00,-1.63E-01,1.63E-01,-7.62E-07
2615,1.71E-01,-1.22E-01,0.00E+00,-1.92E-01,1.92E-01,-8.32E-07
2616,5.74E-01,-4.89E-01,0.00E+00,-6.27E-01,6.27E-01,-3.97E-06
2617,5.32E-01,-4.32E-01,0.00E+00,-5.89E-01,5.89E-01,-3.49E-06
2618,4.05E-01,-2.89E-01,0.00E+00,-4.55E-01,4.55E-01,-2.03E-06
2619,2.15E-01,-4.50E-02,0.00E+00,-1.91E-01,2.43E-01,8.03E-07
2620,1.14E-01,7.82E-02,0.00E+00,-3.18E-02,1.24E-01,8.78E-07
2621,1.57E-01,6.03E-03,0.00E+00,-1.35E-01,1.76E-01,3.99E-07
2622,2.12E-01,-3.34E-02,0.00E+00,-2.09E-01,2.40E-01,2.96E-07
2623,2.36E-01,-6.04E-02,0.00E+00,-2.46E-01,2.69E-01,2.61E-07
2624,6.34E-01,7.01E-01,0.00E+00,4.95E-01,7.01E-01,7.35E-06
2625,5.89E-01,6.53E-01,0.00E+00,4.50E-01,6.53E-01,6.74E-06
2626,4.59E-01,5.14E-01,0.00E+00,2.96E-01,5.14E-01,5.33E-06
2627,2.77E-01,2.77E-01,0.00E+00,4.97E-02,3.09E-01,2.93E-06
2628,2.39E-01,4.38E-02,0.00E+00,-1.83E-01,2.63E-01,6.35E-07
2629,2.99E-01,-9.60E-02,0.00E+00,-3.20E-01,3.23E-01,-7.48E-07
2630,3.27E-01,-1.56E-01,0.00E+00,-3.65E-01,3.65E-01,-1.32E-06
2631,3.15E-01,-1.71E-01,0.00E+00,-3.56E-01,3.56E-01,-1.48E-06
2632,2.41E-01,2.73E-01,0.00E+00,1.67E-01,2.73E-01,1.93E-06
2633,2.00E-01,2.23E-01,0.00E+00,1.10E-01,2.26E-01,1.75E-06
2634,1.37E-01,1.21E-01,0.00E+00,3.03E-03,1.55E-01,1.18E-06
2635,1.29E-01,-1.61E-02,0.00E+00,-1.23E-01,1.39E-01,1.66E-07
2636,1.86E-01,-1.19E-01,0.00E+00,-2.11E-01,2.11E-01,-7.67E-07
2637,2.16E-01,-1.63E-01,0.00E+00,-2.43E-01,2.43E-01,-1.23E-06
2638,2.14E-01,-1.72E-01,0.00E+00,-2.38E-01,2.38E-01,-1.39E-06
2639,8.69E-02,8.15E-02,0.00E+00,9.09E-03,9.89E-02,1.02E-06
2640,8.81E-02,7.49E-02,0.00E+00,-8.84E-03,9.80E-02,1.14E-06
2641,9.66E-02,5.75E-02,0.00E+00,-4.99E-02,1.07E-01,1.26E-06
2642,1.23E-01,2.54E-02,0.00E+00,-1.06E-01,1.35E-01,1.15E-06
2643,1.43E-01,-1.72E-02,0.00E+00,-1.47E-01,1.56E-01,7.77E-07
2644,1.41E-01,-4.93E-02,0.00E+00,-1.54E-01,1.58E-01,3.29E-07
2645,1.26E-01,-6.47E-02,0.00E+00,-1.41E-01,1.43E-01,-3.62E-08
2646,1.06E-01,-6.74E-02,0.00E+00,-1.20E-01,1.21E-01,-2.89E-07
2647,6.72E-02,1.44E-02,0.00E+00,-5.37E-02,7.48E-02,6.21E-07
2648,8.80E-02,2.82E-02,0.00E+00,-6.87E-02,9.80E-02,1.04E-06
2649,1.18E-01,4.53E-02,0.00E+00,-8.85E-02,1.34E-01,1.45E-06
2650,1.35E-01,5.34E-02,0.00E+00,-9.90E-02,1.52E-01,1.59E-06
2651,1.20E-01,4.42E-02,0.00E+00,-8.85E-02,1.33E-01,1.28E-06
2652,9.26E-02,2.84E-02,0.00E+00,-7.00E-02,1.03E-01,8.59E-07
2653,6.79E-02,1.45E-02,0.00E+00,-5.36E-02,7.45E-02,4.84E-07
2654,1.03E-01,-7.63E-02,0.00E+00,-1.13E-01,1.15E-01,-2.03E-07
2655,1.06E-01,-5.13E-02,0.00E+00,-1.17E-01,1.20E-01,3.64E-07
2656,1.09E-01,-5.74E-03,0.00E+00,-1.07E-01,1.21E-01,1.05E-06
2657,1.16E-01,5.08E-02,0.00E+00,-8.01E-02,1.31E-01,1.65E-06
2658,1.21E-01,9.29E-02,0.00E+00,-3.94E-02,1.32E-01,1.82E-06
2659,1.13E-01,1.05E-01,0.00E+00,-5.89E-03,1.25E-01,1.61E-06
2660,9.82E-02,9.73E-02,0.00E+00,1.09E-02,1.10E-01,1.27E-06
2661,8.11E-02,8.26E-02,0.00E+00,1.48E-02,9.12E-02,9.81E-07
2662,2.84E-01,-2.15E-01,0.00E+00,-3.16E-01,3.16E-01,-1.29E-06
2663,2.41E-01,-1.54E-01,0.00E+00,-2.72E-01,2.72E-01,-6.06E-07
2664,1.67E-01,-5.05E-02,0.00E+00,-1.79E-01,1.86E-01,5.63E-07
2665,1.16E-01,7.11E-02,0.00E+00,-4.82E-02,1.26E-01,1.73E-06
2666,1.43E-01,1.58E-01,0.00E+00,5.48E-02,1.58E-01,2.26E-06
2667,1.70E-01,1.92E-01,0.00E+00,1.03E-01,1.92E-01,2.32E-06
2668,1.70E-01,1.91E-01,0.00E+00,1.14E-01,1.91E-01,2.14E-06
2669,5.72E-01,-4.86E-01,0.00E+00,-6.26E-01,6.26E-01,-3.95E-06
2670,5.28E-01,-4.28E-01,0.00E+00,-5.86E-01,5.86E-01,-3.48E-06
2671,4.02E-01,-2.89E-01,0.00E+00,-4.52E-01,4.52E-01,-2.08E-06
2672,2.19E-01,-7.21E-02,0.00E+00,-2.29E-01,2.47E-01,2.05E-07
2673,1.79E-01,1.50E-01,0.00E+00,-2.00E-02,2.00E-01,2.56E-06
2674,2.50E-01,2.81E-01,0.00E+00,1.09E-01,2.81E-01,3.73E-06
2675,2.85E-01,3.25E-01,0.00E+00,1.64E-01,3.25E-01,4.02E-06
2676,2.80E-01,3.20E-01,0.00E+00,1.82E-01,3.20E-01,3.75E-06
2677,3.63E-01,-1.33E-01,0.00E+00,-3.97E-01,4.11E-01,2.05E-08
2678,3.43E-01,-1.22E-01,0.00E+00,-3.74E-01,3.85E-01,-2.83E-08
2679,2.95E-01,-1.05E-01,0.00E+00,-3.23E-01,3.30E-01,-9.71E-10
2680,2.05E-01,-2.21E-02,0.00E+00,-1.77E-01,2.27E-01,6.33E-07
2681,9.18E-02,4.91E-02,0.00E+00,-2.53E-02,1.05E-01,6.91E-07
2682,1.35E-01,-4.48E-02,0.00E+00,-1.41E-01,1.48E-01,-3.11E-07
2683,2.19E-01,-1.15E-01,0.00E+00,-2.46E-01,2.46E-01,-9.86E-07
2684,2.78E-01,-1.58E-01,0.00E+00,-3.14E-01,3.14E-01,-1.42E-06
2685,1.92E-01,-1.41E-01,0.00E+00,-2.16E-01,2.16E-01,-9.08E-07
2686,1.77E-01,-1.22E-01,0.00E+00,-2.02E-01,2.02E-01,-5.72E-07
2687,1.46E-01,-8.00E-02,0.00E+00,-1.66E-01,1.66E-01,1.34E-08
2688,7.95E-02,-2.08E-02,0.00E+00,-8.31E-02,8.98E-02,7.66E-07
2689,6.50E-02,-3.47E-02,0.00E+00,-6.85E-02,7.00E-02,-8.50E-08
2690,1.18E-01,-9.90E-02,0.00E+00,-1.28E-01,1.28E-01,-8.36E-07
2691,1.64E-01,-1.41E-01,0.00E+00,-1.79E-01,1.79E-01,-1.27E-06
2692,8.03E-02,-6.64E-02,0.00E+00,-8.71E-02,8.73E-02,-2.14E-07
2693,8.17E-02,-5.54E-02,0.00E+00,-9.10E-02,9.20E-02,2.35E-08
2694,8.31E-02,-3.34E-02,0.00E+00,-9.16E-02,9.40E-02,3.80E-07
2695,7.91E-02,3.62E-03,0.00E+00,-7.40E-02,8.78E-02,7.78E-07
2696,6.89E-02,1.51E-02,0.00E+00,-5.88E-02,7.46E-02,8.53E-07
2697,6.72E-02,-2.11E-02,0.00E+00,-7.02E-02,7.45E-02,3.59E-07
2698,7.43E-02,-5.45E-02,0.00E+00,-8.09E-02,8.11E-02,-1.48E-07
2699,8.98E-02,-6.46E-02,0.00E+00,-1.01E-01,1.01E-01,-3.99E-07
2700,4.44E-02,5.64E-03,0.00E+00,-3.46E-02,4.76E-02,2.86E-07
2701,5.26E-02,1.18E-02,0.00E+00,-4.08E-02,5.80E-02,4.76E-07
2702,6.70E-02,2.24E-02,0.00E+00,-5.07E-02,7.48E-02,7.40E-07
2703,8.19E-02,2.95E-02,0.00E+00,-6.30E-02,9.24E-02,9.82E-07
2704,7.32E-02,2.52E-02,0.00E+00,-5.68E-02,8.20E-02,8.94E-07
2705,5.01E-02,9.30E-03,0.00E+00,-4.19E-02,5.51E-02,5.54E-07
2706,4.20E-02,-2.02E-04,0.00E+00,-3.46E-02,4.37E-02,2.68E-07
2707,7.52E-02,7.69E-02,0.00E+00,2.39E-02,8.40E-02,8.96E-07
2708,7.64E-02,7.64E-02,0.00E+00,1.59E-02,8.57E-02,9.56E-07
2709,7.91E-02,7.32E-02,0.00E+00,-1.79E-03,8.72E-02,1.09E-06
2710,8.55E-02,5.85E-02,0.00E+00,-3.56E-02,9.41E-02,1.08E-06
2711,7.87E-02,3.39E-02,0.00E+00,-5.56E-02,8.95E-02,9.90E-07
2712,6.00E-02,3.97E-02,0.00E+00,-2.62E-02,6.59E-02,8.75E-07
2713,5.69E-02,5.29E-02,0.00E+00,1.13E-03,6.28E-02,7.84E-07
2714,6.73E-02,6.82E-02,0.00E+00,1.17E-02,7.53E-02,7.85E-07
2715,1.52E-01,1.70E-01,0.00E+00,1.02E-01,1.70E-01,1.58E-06
2716,1.38E-01,1.54E-01,0.00E+00,8.42E-02,1.54E-01,1.63E-06
2717,1.12E-01,1.22E-01,0.00E+00,4.32E-02,1.24E-01,1.57E-06
2718,8.48E-02,2.81E-02,0.00E+00,-4.22E-02,9.42E-02,6.98E-07
2719,6.03E-02,3.68E-02,0.00E+00,-2.21E-02,6.61E-02,7.79E-07
2720,8.83E-02,9.75E-02,0.00E+00,4.33E-02,9.86E-02,1.21E-06
2721,1.28E-01,1.44E-01,0.00E+00,8.61E-02,1.44E-01,1.57E-06
2722,2.62E-01,2.70E-01,0.00E+00,6.11E-02,2.97E-01,4.11E-06
2723,2.45E-01,2.49E-01,0.00E+00,5.26E-02,2.76E-01,3.76E-06
2724,1.97E-01,2.00E-01,0.00E+00,3.77E-02,2.23E-01,3.04E-06
2725,1.19E-01,9.37E-02,0.00E+00,-7.49E-03,1.34E-01,1.38E-06
2726,5.82E-02,6.60E-03,0.00E+00,-3.92E-02,6.28E-02,-5.00E-08
2727,1.07E-01,1.19E-01,0.00E+00,4.57E-02,1.21E-01,1.54E-06
2728,1.96E-01,2.23E-01,0.00E+00,1.23E-01,2.23E-01,2.72E-06
2729,2.52E-01,2.88E-01,0.00E+00,1.71E-01,2.88E-01,3.32E-06
2730,3.63E-01,-1.33E-01,0.00E+00,-3.97E-01,4.11E-01,3.76E-08
2731,3.43E-01,-1.21E-01,0.00E+00,-3.74E-01,3.85E-01,-6.31E-09
2732,2.94E-01,-1.05E-01,0.00E+00,-3.23E-01,3.29E-01,-3.57E-09
2733,2.04E-01,-7.30E-02,0.00E+00,-2.26E-01,2.27E-01,1.17E-07
2734,9.88E-02,-2.64E-02,0.00E+00,-1.04E-01,1.11E-01,2.47E-07
2735,8.17E-02,4.30E-02,0.00E+00,-3.69E-02,8.89E-02,1.10E-06
2736,1.19E-01,9.60E-02,0.00E+00,-1.82E-02,1.29E-01,1.99E-06
2737,1.41E-01,1.20E-01,0.00E+00,-5.85E-03,1.51E-01,2.44E-06
2738,1.92E-01,-1.41E-01,0.00E+00,-2.16E-01,2.16E-01,-9.05E-07
2739,1.77E-01,-1.22E-01,0.00E+00,-2.01E-01,2.01E-01,-5.84E-07
2740,1.45E-01,-8.03E-02,0.00E+00,-1.65E-01,1.65E-01,4.47E-10
2741,9.55E-02,-1.56E-02,0.00E+00,-9.61E-02,1.08E-01,6.98E-07
2742,8.19E-02,6.11E-02,0.00E+00,-2.38E-02,9.02E-02,1.35E-06
2743,1.09E-01,1.16E-01,0.00E+00,2.85E-02,1.18E-01,1.73E-06
2744,1.30E-01,1.45E-01,0.00E+00,6.37E-02,1.45E-01,1.85E-06
2745,8.01E-02,-6.66E-02,0.00E+00,-8.68E-02,8.70E-02,-2.20E-07
2746,8.11E-02,-5.59E-02,0.00E+00,-9.02E-02,9.11E-02,1.03E-08
2747,8.22E-02,-3.38E-02,0.00E+00,-9.06E-02,9.30E-02,3.68E-07
2748,8.36E-02,2.80E-03,0.00E+00,-7.95E-02,9.25E-02,8.30E-07
2749,8.90E-02,4.70E-02,0.00E+00,-5.37E-02,1.01E-01,1.25E-06
2750,9.72E-02,8.11E-02,0.00E+00,-2.31E-02,1.06E-01,1.47E-06
2751,1.01E-01,9.84E-02,0.00E+00,3.10E-03,1.12E-01,1.47E-06
2752,9.87E-02,1.04E-01,0.00E+00,2.54E-02,1.10E-01,1.35E-06
2753,4.41E-02,5.46E-03,0.00E+00,-3.43E-02,4.72E-02,2.80E-07
2754,5.20E-02,1.15E-02,0.00E+00,-4.03E-02,5.74E-02,4.69E-07
2755,6.62E-02,2.21E-02,0.00E+00,-5.01E-02,7.40E-02,7.32E-07
2756,8.36E-02,3.40E-02,0.00E+00,-6.09E-02,9.49E-02,1.01E-06
2757,9.25E-02,3.91E-02,0.00E+00,-6.58E-02,1.05E-01,1.11E-06
2758,9.07E-02,3.73E-02,0.00E+00,-6.32E-02,1.01E-01,1.04E-06
2759,8.22E-02,3.17E-02,0.00E+00,-5.61E-02,9.14E-02,8.67E-07
2760,7.51E-02,7.68E-02,0.00E+00,2.38E-02,8.39E-02,8.94E-07
2761,7.61E-02,7.61E-02,0.00E+00,1.58E-02,8.54E-02,9.53E-07
2762,7.87E-02,7.27E-02,0.00E+00,-1.85E-03,8.67E-02,1.08E-06
2763,8.47E-02,5.99E-02,0.00E+00,-3.36E-02,9.36E-02,1.18E-06
2764,9.69E-02,3.27E-02,0.00E+00,-7.51E-02,1.08E-01,1.12E-06
2765,1.09E-01,6.58E-05,0.00E+00,-1.07E-01,1.17E-01,8.64E-07
2766,1.13E-01,-2.71E-02,0.00E+00,-1.21E-01,1.25E-01,5.48E-07
2767,1.08E-01,-5.02E-02,0.00E+00,-1.21E-01,1.24E-01,1.98E-07
2768,1.51E-01,1.69E-01,0.00E+00,1.02E-01,1.69E-01,1.56E-06
2769,1.37E-01,1.53E-01,0.00E+00,8.40E-02,1.53E-01,1.61E-06
2770,1.11E-01,1.21E-01,0.00E+00,4.31E-02,1.23E-01,1.56E-06
2771,8.11E-02,5.82E-02,0.00E+00,-2.38E-02,9.05E-02,1.20E-06
2772,1.07E-01,-9.41E-03,0.00E+00,-1.08E-01,1.18E-01,6.45E-07
2773,1.47E-01,-6.06E-02,0.00E+00,-1.65E-01,1.65E-01,1.07E-07
2774,1.69E-01,-9.50E-02,0.00E+00,-1.93E-01,1.93E-01,-3.15E-07
2775,2.61E-01,2.68E-01,0.00E+00,6.08E-02,2.95E-01,4.10E-06
2776,2.42E-01,2.47E-01,0.00E+00,5.25E-02,2.74E-01,3.73E-06
2777,1.96E-01,1.99E-01,0.00E+00,3.77E-02,2.22E-01,3.03E-06
2778,1.12E-01,1.10E-01,0.00E+00,6.49E-03,1.26E-01,1.72E-06
2779,7.18E-02,8.52E-03,0.00E+00,-6.00E-02,7.79E-02,4.14E-07
2780,1.47E-01,-3.64E-02,0.00E+00,-1.60E-01,1.63E-01,1.66E-07
2781,2.06E-01,-5.25E-02,0.00E+00,-2.20E-01,2.32E-01,1.77E-07
2782,2.33E-01,-6.62E-02,0.00E+00,-2.47E-01,2.65E-01,2.15E-07
2783,6.51E-01,4.06E-01,0.00E+00,-2.04E-01,7.36E-01,8.60E-06
2784,7.48E-01,4.72E-01,0.00E+00,-3.66E-01,8.38E-01,8.08E-06
2785,6.05E-01,3.51E-02,0.00E+00,-4.75E-01,6.62E-01,6.30E-06
2786,4.43E-01,1.55E-01,0.00E+00,-3.19E-01,4.88E-01,4.24E-06
2787,4.29E-01,3.13E-01,0.00E+00,-1.45E-01,4.86E-01,6.60E-06
2788,6.06E-01,1.96E-01,0.00E+00,-4.51E-01,6.63E-01,4.51E-06
2789,3.76E-01,9.12E-02,0.00E+00,-3.18E-01,4.09E-01,2.50E-06
2790,3.87E-01,3.41E-01,0.00E+00,-7.41E-02,4.15E-01,5.12E-06
2791,6.14E-01,5.85E-01,0.00E+00,2.85E-02,6.82E-01,8.66E-06
2792,7.04E-01,-1.15E-01,0.00E+00,-7.08E-01,7.76E-01,3.82E-06
